{"engineId":"04c07c50-1831-4b57-a997-cf1a29c1cf53","engineName":"HIMSS Networks","rdbmsId":"ea03cac6-d4a9-4abf-8fd4-4ab91cb3e0f0","varstore":{},"frames":[{"file":"@BaseFolder@\\db\\@ENGINE@\\version\\ea03cac6-d4a9-4abf-8fd4-4ab91cb3e0f0\\FRAME55026.rda","meta":"@BaseFolder@\\db\\@ENGINE@\\version\\ea03cac6-d4a9-4abf-8fd4-4ab91cb3e0f0\\METADATA__FRAME55026.owl","state":null,"type":"prerna.ds.r.RDataTable","name":"FRAME55026","keys":["$CUR_FRAME_KEY","FRAME55026"]}],"panels":[{"panelId":"0","panelLabel":"PNW Statistics","view":"text-widget","viewOptions":"{\"html\":\"<div id=\\\"projectFacts\\\" class=\\\"sectionClass\\\">\\n    <div class=\\\"fullWidth eight columns\\\">\\n        <div class=\\\"projectFactsWrap \\\">\\n            <div ng-repeat='site in Site[0].output.data.values' class=\\\"item wow fadeInUpBig animated animated\\\" data-number=\\\"5\\\" style=\\\"visibility: visible;\\\">\\n                <p ng-click='textWidget.runPixel(\\\"Panel(2) | SetPanelLabel(\\\\\\\"\\\" + site[0] + \\\"\\\\\\\"); Panel ( 1 ) | AddPanelOrnaments ( { \\\\\\\"tools\\\\\\\" : { \\\\\\\"shared\\\\\\\" : { \\\\\\\"watermark\\\\\\\" : \\\\\\\"\\\" + site[0] + \\\"\\\\\\\" } } } );Panel ( 3 ) | AddPanelOrnaments ( { \\\\\\\"tools\\\\\\\" : { \\\\\\\"shared\\\\\\\" : { \\\\\\\"watermark\\\\\\\" : \\\\\\\"\\\" + site[0] + \\\"\\\\\\\" } } } ); Select ( Impact , UniqueCount ( Incident_ID ) ) .as ( [ Impact , Number_of_Tickets ] ) | Filter (Site_Group==[\\\\\\\"\\\" + site[0] + \\\"\\\\\\\"]) | Group ( Impact ) | With ( Panel ( 1 ) ) | Format ( type = [ \\\\\\\"table\\\\\\\" ] ) | TaskOptions ( { \\\\\\\"1\\\\\\\" : { \\\\\\\"layout\\\\\\\" : \\\\\\\"Pie\\\\\\\" , \\\\\\\"alignment\\\\\\\" : { \\\\\\\"label\\\\\\\" : [ \\\\\\\"Impact\\\\\\\" ] , \\\\\\\"value\\\\\\\" : [ \\\\\\\"Number_of_Tickets\\\\\\\" ] , \\\\\\\"heat\\\\\\\" : [ ] , \\\\\\\"tooltip\\\\\\\" : [ ] , \\\\\\\"facet\\\\\\\" : [ ] } } } ) | Collect ( 500 ); Select ( Priority , UniqueCount ( Incident_ID ) ) .as ( [ Priority , Number_of_Tickets ] ) | Filter (Site_Group==[\\\\\\\"\\\" + site[0] + \\\"\\\\\\\"]) | Group ( Priority ) | With ( Panel ( 3 ) ) | Format ( type = [ \\\\\\\"table\\\\\\\" ] ) | TaskOptions ( { \\\\\\\"3\\\\\\\" : { \\\\\\\"layout\\\\\\\" : \\\\\\\"Pie\\\\\\\" , \\\\\\\"alignment\\\\\\\" : { \\\\\\\"label\\\\\\\" : [ \\\\\\\"Priority\\\\\\\" ] , \\\\\\\"value\\\\\\\" : [ \\\\\\\"Number_of_Tickets\\\\\\\" ] , \\\\\\\"heat\\\\\\\" : [ ] , \\\\\\\"tooltip\\\\\\\" : [ ] , \\\\\\\"facet\\\\\\\" : [ ] } } } ) | Collect ( 500 ); Select ( Date , Average ( EUDs_Connected ) , Average ( Total_EUD_Connection_Failures ) , Average ( Total_EUD_Connection_Successes ) ) .as ( [ Date , EUDs_Connected , Total_EUD_Connection_Failures , Total_EUD_Connection_Successes ] ) | Filter (Site_Group==[\\\\\\\"\\\" + site[0] + \\\"\\\\\\\"]) | Group ( Date ) | With ( Panel ( 2 ) ) | Format ( type = [ \\\\\\\"table\\\\\\\" ] ) | TaskOptions ( { \\\\\\\"2\\\\\\\" : { \\\\\\\"layout\\\\\\\" : \\\\\\\"Column\\\\\\\" , \\\\\\\"alignment\\\\\\\" : { \\\\\\\"label\\\\\\\" : [ \\\\\\\"Date\\\\\\\" ] , \\\\\\\"value\\\\\\\" : [ \\\\\\\"EUDs_Connected\\\\\\\" , \\\\\\\"Total_EUD_Connection_Failures\\\\\\\" ] , \\\\\\\"tooltip\\\\\\\" : [ \\\\\\\"Total_EUD_Connection_Successes\\\\\\\" ] , \\\\\\\"facet\\\\\\\" : [ ] } } } ) | Collect ( 500 )\\n                    \\\")' ng-if='site[0] != \\\"JOINT_(AF)_BASE_LEWIS-MCCHORD\\\" ' ng-click='textWidget.runPixel(\\\"AddPanel(10)\\\")' id=\\\"number1\\\" class=\\\"number\\\">{{site[0] | replaceUnderscores}}</p>\\n                <p ng-click='textWidget.runPixel(\\\"Panel(2) | SetPanelLabel(\\\\\\\"MADIGAN\\\\\\\"); Panel ( 1 ) | AddPanelOrnaments ( { \\\\\\\"tools\\\\\\\" : { \\\\\\\"shared\\\\\\\" : { \\\\\\\"watermark\\\\\\\" : \\\\\\\"\\\" + site[0] + \\\"\\\\\\\" } } } );Panel ( 3 ) | AddPanelOrnaments ( { \\\\\\\"tools\\\\\\\" : { \\\\\\\"shared\\\\\\\" : { \\\\\\\"watermark\\\\\\\" : \\\\\\\"\\\" + site[0] + \\\"\\\\\\\" } } } ); Select ( Impact , UniqueCount ( Incident_ID ) ) .as ( [ Impact , Number_of_Tickets ] ) | Filter (Site_Group==[\\\\\\\"\\\" + site[0] + \\\"\\\\\\\"]) | Group ( Impact ) | With ( Panel ( 1 ) ) | Format ( type = [ \\\\\\\"table\\\\\\\" ] ) | TaskOptions ( { \\\\\\\"1\\\\\\\" : { \\\\\\\"layout\\\\\\\" : \\\\\\\"Pie\\\\\\\" , \\\\\\\"alignment\\\\\\\" : { \\\\\\\"label\\\\\\\" : [ \\\\\\\"Impact\\\\\\\" ] , \\\\\\\"value\\\\\\\" : [ \\\\\\\"Number_of_Tickets\\\\\\\" ] , \\\\\\\"heat\\\\\\\" : [ ] , \\\\\\\"tooltip\\\\\\\" : [ ] , \\\\\\\"facet\\\\\\\" : [ ] } } } ) | Collect ( 500 ); Select ( Priority , UniqueCount ( Incident_ID ) ) .as ( [ Priority , Number_of_Tickets ] ) | Filter (Site_Group==[\\\\\\\"\\\" + site[0] + \\\"\\\\\\\"]) | Group ( Priority ) | With ( Panel ( 3 ) ) | Format ( type = [ \\\\\\\"table\\\\\\\" ] ) | TaskOptions ( { \\\\\\\"3\\\\\\\" : { \\\\\\\"layout\\\\\\\" : \\\\\\\"Pie\\\\\\\" , \\\\\\\"alignment\\\\\\\" : { \\\\\\\"label\\\\\\\" : [ \\\\\\\"Priority\\\\\\\" ] , \\\\\\\"value\\\\\\\" : [ \\\\\\\"Number_of_Tickets\\\\\\\" ] , \\\\\\\"heat\\\\\\\" : [ ] , \\\\\\\"tooltip\\\\\\\" : [ ] , \\\\\\\"facet\\\\\\\" : [ ] } } } ) | Collect ( 500 ); Select ( Date , Average ( EUDs_Connected ) , Average ( Total_EUD_Connection_Failures ) , Average ( Total_EUD_Connection_Successes ) ) .as ( [ Date , EUDs_Connected , Total_EUD_Connection_Failures , Total_EUD_Connection_Successes ] ) | Filter (Site_Group==[\\\\\\\"\\\" + site[0] + \\\"\\\\\\\"]) | Group ( Date ) | With ( Panel ( 2 ) ) | Format ( type = [ \\\\\\\"table\\\\\\\" ] ) | TaskOptions ( { \\\\\\\"2\\\\\\\" : { \\\\\\\"layout\\\\\\\" : \\\\\\\"Column\\\\\\\" , \\\\\\\"alignment\\\\\\\" : { \\\\\\\"label\\\\\\\" : [ \\\\\\\"Date\\\\\\\" ] , \\\\\\\"value\\\\\\\" : [ \\\\\\\"EUDs_Connected\\\\\\\" , \\\\\\\"Total_EUD_Connection_Failures\\\\\\\" ] , \\\\\\\"tooltip\\\\\\\" : [ \\\\\\\"Total_EUD_Connection_Successes\\\\\\\" ] , \\\\\\\"facet\\\\\\\" : [ ] } } } ) | Collect ( 500 )\\n                \\\")' ng-if='site[0] === \\\"JOINT_(AF)_BASE_LEWIS-MCCHORD\\\" ' ng-click='textWidget.runPixel(\\\"AddPanel(10)\\\")' id=\\\"number1\\\" class=\\\"number\\\">MADIGAN AFB</p>\\n                <span></span>\\n                <p>Number of Open Tickets: {{site[1] | number:0}}</p>\\n                <p>D2D Migration Completion: {{site[2] | number:0}}%</p>\\n                <div ng-repeat='res in Resolution[0].output.data.values'>\\n                    <p ng-if='res[1] === site[0]'>Avg. Time Resolve Most Critical Tickets: {{res[0] | number:2}} Days</p>\\n                </div>\\n                <p>Avg. Availability via Topaz: {{site[3] | number:2}}</p>\\n                <p>Average Latency: {{site[4] | number:2}} ms</p>\\n            </div>\\n        </div>\\n    </div>\\n</div>\\n\\n<style>\\n        #TextWidget @import url(https://fonts.googleapis.com/css?family=PT+Sans+Narrow);\\n    body{\\n        font-family: Open Sans, \\\"Helvetica Neue\\\", \\\"Helvetica\\\", Helvetica, Arial, sans-serif;\\n        font-size: 13px;\\n        color: #666;\\n        position: relative;\\n        -webkit-font-smoothing: antialiased;\\n        margin: 0;\\n    }\\n    \\n    #TextWidget *{\\n        -webkit-box-sizing: border-box;\\n        -moz-box-sizing: border-box;\\n        box-sizing: border-box;\\n    }\\n    \\n    #TextWidget body, #TextWidget div, #TextWidget dl, #TextWidget dt, #TextWidget dd, #TextWidget ul, #TextWidget ol, #TextWidget li, #TextWidget h1, #TextWidget h2, #TextWidget h3, #TextWidget h4, #TextWidget h5, #TextWidget h6, #TextWidget pre, #TextWidget form, #TextWidget p, #TextWidget blockquote, #TextWidget th, #TextWidget td{\\n        margin: 0;\\n        padding: 0;\\n        font-size: 13px;\\n        direction: ltr;\\n    }\\n    \\n    #TextWidget .number:hover{\\n        cursor: pointer;\\n    }\\n    \\n    #TextWidget .sectionClass{\\n        padding: 0px 0px 0px 0px;\\n        position: relative;\\n        display: block;\\n    }\\n    \\n    #TextWidget .fullWidth{\\n        width: 100%;\\n        display: table;\\n        float: none;\\n        padding: 0;\\n        min-height: 1px;\\n        height: 100% !important;\\n        position: relative;\\n    }\\n    \\n    #TextWidget .sectiontitle{\\n        background-position: center;\\n        margin: 0px 0 0px;\\n        text-align: center;\\n        min-height: 0px;\\n    }\\n    \\n    #TextWidget .sectiontitle h2{\\n        font-size: 30px;\\n        color: #575757;\\n        margin-bottom: 0px;\\n        padding-right: 0px;\\n        padding-left: 0px;\\n    }\\n    \\n    #TextWidget .headerLine{\\n        width: 160px;\\n        height: 0px;\\n        display: inline-block;\\n        background: #575757;\\n    }\\n    \\n    #TextWidget .projectFactsWrap{\\n        display: flex;\\n        margin-top: 0px;\\n        flex-direction: row;\\n        flex-wrap: wrap;\\n    }\\n    \\n    #TextWidget #projectFacts .fullWidth{\\n        padding: 0;\\n    }\\n    \\n    #TextWidget .projectFactsWrap .item{\\n        width: 25%;\\n        height: 100%;\\n        padding: 5px 0px;\\n        text-align: center;\\n    }\\n    \\n    #TextWidget .projectFactsWrap .item:nth-child(1){\\n        background: rgb(226, 226, 226);\\n    }\\n    \\n    #TextWidget .projectFactsWrap .item:nth-child(2){\\n        background: rgb(226, 226, 226);\\n    }\\n    \\n    #TextWidget .projectFactsWrap .item:nth-child(3){\\n        background: rgb(226, 226, 226);\\n    }\\n    \\n    #TextWidget .projectFactsWrap .item:nth-child(4){\\n        background: rgb(226, 226, 226);\\n    }\\n    \\n    #TextWidget .projectFactsWrap .item p.number{\\n        font-size: 30px;\\n        padding: 0;\\n        font-weight: bold;\\n    }\\n    \\n    #TextWidget .projectFactsWrap .item p{\\n        color: rgba(87, 87, 87, 0.8);\\n        font-size: 18px;\\n        margin: 0;\\n        padding: 0 px;\\n        font-family: 'Open Sans';\\n    }\\n    \\n    #TextWidget .projectFactsWrap .item span{\\n        width: 160px;\\n        background: #00a3e0;\\n        height: 2px;\\n        display: block;\\n        margin: 0 auto;\\n    }\\n    \\n    #TextWidget .projectFactsWrap .item i{\\n        vertical-align: middle;\\n        font-size: 50px;\\n        color: rgba(87, 87, 87, 0.8);\\n    }\\n    \\n    #TextWidget .projectFactsWrap .item:hover i, #TextWidget .projectFactsWrap .item:hover p{\\n        color: #00a3e0;\\n    }\\n    \\n    #TextWidget .projectFactsWrap .item:hover span{\\n        background: #00a3e0;\\n    }\\n    \\n    #TextWidget @media (max-width: 786px){\\n        .projectFactsWrap .item {\\n            flex: 0 0 50%;\\n        }\\n        #TextWidget\\n    }\\n    \\n    #TextWidget .trans{\\n        opacity: 1;\\n        -webkit-transform: translateX(0px);\\n        transform: translateX(0px);\\n        -webkit-transition: all 500ms ease;\\n        -moz-transition: all 500ms ease;\\n        transition: all 500ms ease;\\n</style>\",\"varList\":[{\"name\":\"Site\",\"query\":\"Select ( Site_Group , UniqueCount ( Incident_ID ) , UniqueAverage ( Percent_Complete ), Average(Average_Availability), Average(Average_Latency_ms) ) | Filter (Site_Group == [ \\\"BREMERTON\\\" , \\\"FAIRCHILD_AFB\\\" , \\\"JOINT_(AF)_BASE_LEWIS-MCCHORD\\\" , \\\"OAK_HARBOR\\\" ]) | Filter (Status == [\\\"Assigned\\\", \\\"Pending\\\", \\\"In_Progress\\\"]) | Filter ( Outline_Level == [1]) | Group ( Site_Group ) | CollectAll ();\"},{\"name\":\"Resolution\",\"query\":\"Database ( database = [ \\\"2f78202b-286a-44c4-a051-0d1b9e7ad7cd\\\" ] ) | Select (Average (PNW_REMEDY_TIX__Days_to_Resolution), PNW_REMEDY_TIX__Site_Group ) | Filter (PNW_REMEDY_TIX__Site_Group == [ \\\"BREMERTON\\\" , \\\"FAIRCHILD_AFB\\\" , \\\"JOINT_(AF)_BASE_LEWIS-MCCHORD\\\" , \\\"OAK_HARBOR\\\" ]) | Filter (PNW_REMEDY_TIX__Impact == [\\\"1-Extensive/Widespread\\\"] OR PNW_REMEDY_TIX__Priority == \\\"Critical\\\" OR PNW_REMEDY_TIX__Urgency == \\\"1-Critical\\\") | Group (PNW_REMEDY_TIX__Site_Group) | CollectAll();\"}],\"freeze\":false,\"loading\":true}","viewOptionsMap":{"federate-view":{"app_id":"11f9b660-1fb0-427c-ad75-7dd88903ca0d"},"visualization":{"type":"echarts"},"text-widget":{"html":"<div id=\"projectFacts\" class=\"sectionClass\">\n    <div class=\"fullWidth eight columns\">\n        <div class=\"projectFactsWrap \">\n            <div ng-repeat='site in Site[0].output.data.values' class=\"item wow fadeInUpBig animated animated\" data-number=\"5\" style=\"visibility: visible;\">\n                <p ng-click='textWidget.runPixel(\"Panel(2) | SetPanelLabel(\\\"\" + site[0] + \"\\\"); Panel ( 1 ) | AddPanelOrnaments ( { \\\"tools\\\" : { \\\"shared\\\" : { \\\"watermark\\\" : \\\"\" + site[0] + \"\\\" } } } );Panel ( 3 ) | AddPanelOrnaments ( { \\\"tools\\\" : { \\\"shared\\\" : { \\\"watermark\\\" : \\\"\" + site[0] + \"\\\" } } } ); Select ( Impact , UniqueCount ( Incident_ID ) ) .as ( [ Impact , Number_of_Tickets ] ) | Filter (Site_Group==[\\\"\" + site[0] + \"\\\"]) | Group ( Impact ) | With ( Panel ( 1 ) ) | Format ( type = [ \\\"table\\\" ] ) | TaskOptions ( { \\\"1\\\" : { \\\"layout\\\" : \\\"Pie\\\" , \\\"alignment\\\" : { \\\"label\\\" : [ \\\"Impact\\\" ] , \\\"value\\\" : [ \\\"Number_of_Tickets\\\" ] , \\\"heat\\\" : [ ] , \\\"tooltip\\\" : [ ] , \\\"facet\\\" : [ ] } } } ) | Collect ( 500 ); Select ( Priority , UniqueCount ( Incident_ID ) ) .as ( [ Priority , Number_of_Tickets ] ) | Filter (Site_Group==[\\\"\" + site[0] + \"\\\"]) | Group ( Priority ) | With ( Panel ( 3 ) ) | Format ( type = [ \\\"table\\\" ] ) | TaskOptions ( { \\\"3\\\" : { \\\"layout\\\" : \\\"Pie\\\" , \\\"alignment\\\" : { \\\"label\\\" : [ \\\"Priority\\\" ] , \\\"value\\\" : [ \\\"Number_of_Tickets\\\" ] , \\\"heat\\\" : [ ] , \\\"tooltip\\\" : [ ] , \\\"facet\\\" : [ ] } } } ) | Collect ( 500 ); Select ( Date , Average ( EUDs_Connected ) , Average ( Total_EUD_Connection_Failures ) , Average ( Total_EUD_Connection_Successes ) ) .as ( [ Date , EUDs_Connected , Total_EUD_Connection_Failures , Total_EUD_Connection_Successes ] ) | Filter (Site_Group==[\\\"\" + site[0] + \"\\\"]) | Group ( Date ) | With ( Panel ( 2 ) ) | Format ( type = [ \\\"table\\\" ] ) | TaskOptions ( { \\\"2\\\" : { \\\"layout\\\" : \\\"Column\\\" , \\\"alignment\\\" : { \\\"label\\\" : [ \\\"Date\\\" ] , \\\"value\\\" : [ \\\"EUDs_Connected\\\" , \\\"Total_EUD_Connection_Failures\\\" ] , \\\"tooltip\\\" : [ \\\"Total_EUD_Connection_Successes\\\" ] , \\\"facet\\\" : [ ] } } } ) | Collect ( 500 )\n                    \")' ng-if='site[0] != \"JOINT_(AF)_BASE_LEWIS-MCCHORD\" ' ng-click='textWidget.runPixel(\"AddPanel(10)\")' id=\"number1\" class=\"number\">{{site[0] | replaceUnderscores}}</p>\n                <p ng-click='textWidget.runPixel(\"Panel(2) | SetPanelLabel(\\\"MADIGAN\\\"); Panel ( 1 ) | AddPanelOrnaments ( { \\\"tools\\\" : { \\\"shared\\\" : { \\\"watermark\\\" : \\\"\" + site[0] + \"\\\" } } } );Panel ( 3 ) | AddPanelOrnaments ( { \\\"tools\\\" : { \\\"shared\\\" : { \\\"watermark\\\" : \\\"\" + site[0] + \"\\\" } } } ); Select ( Impact , UniqueCount ( Incident_ID ) ) .as ( [ Impact , Number_of_Tickets ] ) | Filter (Site_Group==[\\\"\" + site[0] + \"\\\"]) | Group ( Impact ) | With ( Panel ( 1 ) ) | Format ( type = [ \\\"table\\\" ] ) | TaskOptions ( { \\\"1\\\" : { \\\"layout\\\" : \\\"Pie\\\" , \\\"alignment\\\" : { \\\"label\\\" : [ \\\"Impact\\\" ] , \\\"value\\\" : [ \\\"Number_of_Tickets\\\" ] , \\\"heat\\\" : [ ] , \\\"tooltip\\\" : [ ] , \\\"facet\\\" : [ ] } } } ) | Collect ( 500 ); Select ( Priority , UniqueCount ( Incident_ID ) ) .as ( [ Priority , Number_of_Tickets ] ) | Filter (Site_Group==[\\\"\" + site[0] + \"\\\"]) | Group ( Priority ) | With ( Panel ( 3 ) ) | Format ( type = [ \\\"table\\\" ] ) | TaskOptions ( { \\\"3\\\" : { \\\"layout\\\" : \\\"Pie\\\" , \\\"alignment\\\" : { \\\"label\\\" : [ \\\"Priority\\\" ] , \\\"value\\\" : [ \\\"Number_of_Tickets\\\" ] , \\\"heat\\\" : [ ] , \\\"tooltip\\\" : [ ] , \\\"facet\\\" : [ ] } } } ) | Collect ( 500 ); Select ( Date , Average ( EUDs_Connected ) , Average ( Total_EUD_Connection_Failures ) , Average ( Total_EUD_Connection_Successes ) ) .as ( [ Date , EUDs_Connected , Total_EUD_Connection_Failures , Total_EUD_Connection_Successes ] ) | Filter (Site_Group==[\\\"\" + site[0] + \"\\\"]) | Group ( Date ) | With ( Panel ( 2 ) ) | Format ( type = [ \\\"table\\\" ] ) | TaskOptions ( { \\\"2\\\" : { \\\"layout\\\" : \\\"Column\\\" , \\\"alignment\\\" : { \\\"label\\\" : [ \\\"Date\\\" ] , \\\"value\\\" : [ \\\"EUDs_Connected\\\" , \\\"Total_EUD_Connection_Failures\\\" ] , \\\"tooltip\\\" : [ \\\"Total_EUD_Connection_Successes\\\" ] , \\\"facet\\\" : [ ] } } } ) | Collect ( 500 )\n                \")' ng-if='site[0] === \"JOINT_(AF)_BASE_LEWIS-MCCHORD\" ' ng-click='textWidget.runPixel(\"AddPanel(10)\")' id=\"number1\" class=\"number\">MADIGAN AFB</p>\n                <span></span>\n                <p>Number of Open Tickets: {{site[1] | number:0}}</p>\n                <p>D2D Migration Completion: {{site[2] | number:0}}%</p>\n                <div ng-repeat='res in Resolution[0].output.data.values'>\n                    <p ng-if='res[1] === site[0]'>Avg. Time Resolve Most Critical Tickets: {{res[0] | number:2}} Days</p>\n                </div>\n                <p>Avg. Availability via Topaz: {{site[3] | number:2}}</p>\n                <p>Average Latency: {{site[4] | number:2}} ms</p>\n            </div>\n        </div>\n    </div>\n</div>\n\n<style>\n        #TextWidget @import url(https://fonts.googleapis.com/css?family=PT+Sans+Narrow);\n    body{\n        font-family: Open Sans, \"Helvetica Neue\", \"Helvetica\", Helvetica, Arial, sans-serif;\n        font-size: 13px;\n        color: #666;\n        position: relative;\n        -webkit-font-smoothing: antialiased;\n        margin: 0;\n    }\n    \n    #TextWidget *{\n        -webkit-box-sizing: border-box;\n        -moz-box-sizing: border-box;\n        box-sizing: border-box;\n    }\n    \n    #TextWidget body, #TextWidget div, #TextWidget dl, #TextWidget dt, #TextWidget dd, #TextWidget ul, #TextWidget ol, #TextWidget li, #TextWidget h1, #TextWidget h2, #TextWidget h3, #TextWidget h4, #TextWidget h5, #TextWidget h6, #TextWidget pre, #TextWidget form, #TextWidget p, #TextWidget blockquote, #TextWidget th, #TextWidget td{\n        margin: 0;\n        padding: 0;\n        font-size: 13px;\n        direction: ltr;\n    }\n    \n    #TextWidget .number:hover{\n        cursor: pointer;\n    }\n    \n    #TextWidget .sectionClass{\n        padding: 0px 0px 0px 0px;\n        position: relative;\n        display: block;\n    }\n    \n    #TextWidget .fullWidth{\n        width: 100%;\n        display: table;\n        float: none;\n        padding: 0;\n        min-height: 1px;\n        height: 100% !important;\n        position: relative;\n    }\n    \n    #TextWidget .sectiontitle{\n        background-position: center;\n        margin: 0px 0 0px;\n        text-align: center;\n        min-height: 0px;\n    }\n    \n    #TextWidget .sectiontitle h2{\n        font-size: 30px;\n        color: #575757;\n        margin-bottom: 0px;\n        padding-right: 0px;\n        padding-left: 0px;\n    }\n    \n    #TextWidget .headerLine{\n        width: 160px;\n        height: 0px;\n        display: inline-block;\n        background: #575757;\n    }\n    \n    #TextWidget .projectFactsWrap{\n        display: flex;\n        margin-top: 0px;\n        flex-direction: row;\n        flex-wrap: wrap;\n    }\n    \n    #TextWidget #projectFacts .fullWidth{\n        padding: 0;\n    }\n    \n    #TextWidget .projectFactsWrap .item{\n        width: 25%;\n        height: 100%;\n        padding: 5px 0px;\n        text-align: center;\n    }\n    \n    #TextWidget .projectFactsWrap .item:nth-child(1){\n        background: rgb(226, 226, 226);\n    }\n    \n    #TextWidget .projectFactsWrap .item:nth-child(2){\n        background: rgb(226, 226, 226);\n    }\n    \n    #TextWidget .projectFactsWrap .item:nth-child(3){\n        background: rgb(226, 226, 226);\n    }\n    \n    #TextWidget .projectFactsWrap .item:nth-child(4){\n        background: rgb(226, 226, 226);\n    }\n    \n    #TextWidget .projectFactsWrap .item p.number{\n        font-size: 30px;\n        padding: 0;\n        font-weight: bold;\n    }\n    \n    #TextWidget .projectFactsWrap .item p{\n        color: rgba(87, 87, 87, 0.8);\n        font-size: 18px;\n        margin: 0;\n        padding: 0 px;\n        font-family: 'Open Sans';\n    }\n    \n    #TextWidget .projectFactsWrap .item span{\n        width: 160px;\n        background: #00a3e0;\n        height: 2px;\n        display: block;\n        margin: 0 auto;\n    }\n    \n    #TextWidget .projectFactsWrap .item i{\n        vertical-align: middle;\n        font-size: 50px;\n        color: rgba(87, 87, 87, 0.8);\n    }\n    \n    #TextWidget .projectFactsWrap .item:hover i, #TextWidget .projectFactsWrap .item:hover p{\n        color: #00a3e0;\n    }\n    \n    #TextWidget .projectFactsWrap .item:hover span{\n        background: #00a3e0;\n    }\n    \n    #TextWidget @media (max-width: 786px){\n        .projectFactsWrap .item {\n            flex: 0 0 50%;\n        }\n        #TextWidget\n    }\n    \n    #TextWidget .trans{\n        opacity: 1;\n        -webkit-transform: translateX(0px);\n        transform: translateX(0px);\n        -webkit-transition: all 500ms ease;\n        -moz-transition: all 500ms ease;\n        transition: all 500ms ease;\n</style>","varList":[{"name":"Site","query":"Select ( Site_Group , UniqueCount ( Incident_ID ) , UniqueAverage ( Percent_Complete ), Average(Average_Availability), Average(Average_Latency_ms) ) | Filter (Site_Group == [ \"BREMERTON\" , \"FAIRCHILD_AFB\" , \"JOINT_(AF)_BASE_LEWIS-MCCHORD\" , \"OAK_HARBOR\" ]) | Filter (Status == [\"Assigned\", \"Pending\", \"In_Progress\"]) | Filter ( Outline_Level == [1]) | Group ( Site_Group ) | CollectAll ();"},{"name":"Resolution","query":"Database ( database = [ \"2f78202b-286a-44c4-a051-0d1b9e7ad7cd\" ] ) | Select (Average (PNW_REMEDY_TIX__Days_to_Resolution), PNW_REMEDY_TIX__Site_Group ) | Filter (PNW_REMEDY_TIX__Site_Group == [ \"BREMERTON\" , \"FAIRCHILD_AFB\" , \"JOINT_(AF)_BASE_LEWIS-MCCHORD\" , \"OAK_HARBOR\" ]) | Filter (PNW_REMEDY_TIX__Impact == [\"1-Extensive/Widespread\"] OR PNW_REMEDY_TIX__Priority == \"Critical\" OR PNW_REMEDY_TIX__Urgency == \"1-Critical\") | Group (PNW_REMEDY_TIX__Site_Group) | CollectAll();"}],"freeze":false,"loading":true}},"config":{"backgroundColor":"#FFFFFF","type":"STANDARD","opacity":100,"locked":false,"transparent":true},"ornaments":{"tools":{"shared":{"watermark":""}}},"events":{"onSingleClick":{"Unfilter":[{"disabledVisuals":["Grid","Sunburst"],"default":true,"query":"UnfilterFrame(<SelectedColumn>);","options":{},"refresh":false,"disabled":false,"panel":""}]},"onBrush":{"Filter":[{"default":true,"query":"if(IsEmpty(<SelectedValues>), UnfilterFrame(<SelectedColumn>), SetFrameFilter(<SelectedColumn>==<SelectedValues>));","options":{},"refresh":false,"disabled":false,"panel":""}]}},"comments":{},"position":{},"filters":[],"order":[],"cbv":[]},{"panelId":"1","panelLabel":"Tickets by Impact","view":"visualization","viewOptions":"{\"type\":\"echarts\"}","viewOptionsMap":{"visualization":{"type":"echarts"}},"config":{"backgroundColor":"#FFFFFF","opacity":100,"type":"STANDARD","locked":false,"transparent":true},"ornaments":{"tools":{"shared":{"animationPie":"Expansion","toggleLegend":true,"colorName":"Four","displayValues":true,"backgroundColor":"#FFFFFF","color":{"4-Minor/Localized":"#0B264D","3-Moderate/Limited":"#F9651B","1-Extensive/Widespread":"#184D68","2-Significant/Large":"#7CA343"},"toggleDonut":true}}},"events":{},"comments":{},"position":{},"filters":[],"order":[],"cbv":[]},{"panelId":"2","panelLabel":"EUD Connection Details","view":"visualization","viewOptions":"{\"type\":\"echarts\"}","viewOptionsMap":{"visualization":{"type":"echarts"}},"config":{"backgroundColor":"#FFFFFF","opacity":100,"type":"STANDARD","locked":false,"transparent":true},"ornaments":{"tools":{"shared":{"toggleLegend":true,"colorName":"Four","backgroundColor":"#FFFFFF","color":{"Total EUD Connection Failures":"#7CA343","EUDs Connected":"#184D68"},"toggleAverage":true}}},"events":{},"comments":{},"position":{},"filters":[],"order":[],"cbv":[]},{"panelId":"3","panelLabel":"Tickets by Priority","view":"visualization","viewOptions":"{\"type\":\"echarts\"}","viewOptionsMap":{"visualization":{"type":"echarts"}},"config":{"backgroundColor":"#FFFFFF","opacity":100,"type":"STANDARD","locked":false,"transparent":true},"ornaments":{"tools":{"shared":{"animationPie":"Expansion","toggleLegend":true,"colorName":"Four","displayValues":true,"backgroundColor":"#FFFFFF","color":{"High":"#7CA343","Low":"#F9651B","Medium":"#0B264D","Critical":"#184D68"},"toggleDonut":true}}},"events":{},"comments":{},"position":{},"filters":[],"order":[],"cbv":[]}],"tasks":{"tasks":[{"type":"basic","task":{"taskType":"basic","id":"task1","numCollected":1,"internalOffset":0,"taskOptions":"null","qs":{"qsType":"FRAME","frameName":"FRAME638632adFed","isDistinct":true,"overrideImplicit":false,"limit":1,"offset":0,"relations":"[]","selectors":[{"type":"FUNCTION","content":{"alias":"Count","function":"count","distinct":false,"colCast":"","innerSelectors":[{"type":"COLUMN","content":{"table":"col1","column":"PRIM_KEY_PLACEHOLDER","alias":"col1","tableAlias":null}}]}}],"explicitFilters":["SIMPLE",{"left":{"pixelType":"COLUMN","class":"prerna.query.querystruct.selectors.QueryColumnSelector","value":[{"type":"COLUMN","content":{"table":"distance","column":"PRIM_KEY_PLACEHOLDER","alias":"distance","tableAlias":null}}],"opType":["OPERATION"]},"comparator":"==","right":{"pixelType":"CONST_INT","class":"java.lang.Integer","value":[0],"opType":["OPERATION"]}}]}}},{"type":"basic","task":{"taskType":"basic","id":"task3","numCollected":1,"internalOffset":0,"taskOptions":"null","qs":{"qsType":"FRAME","frameName":"FRAME638632adFed","isDistinct":true,"overrideImplicit":false,"limit":1,"offset":0,"relations":"[]","selectors":[{"type":"FUNCTION","content":{"alias":"Count","function":"count","distinct":false,"colCast":"","innerSelectors":[{"type":"COLUMN","content":{"table":"col1","column":"PRIM_KEY_PLACEHOLDER","alias":"col1","tableAlias":null}}]}}]}}},{"type":"basic","task":{"taskType":"basic","id":"task5","numCollected":50,"internalOffset":0,"taskOptions":"null","qs":{"qsType":"FRAME","frameName":"FRAME638632adFed","isDistinct":true,"overrideImplicit":false,"limit":50,"offset":0,"relations":"[]","selectors":[{"type":"COLUMN","content":{"table":"distance","column":"PRIM_KEY_PLACEHOLDER","alias":"distance","tableAlias":null}},{"type":"COLUMN","content":{"table":"col1","column":"PRIM_KEY_PLACEHOLDER","alias":"col1","tableAlias":null}},{"type":"COLUMN","content":{"table":"col2","column":"PRIM_KEY_PLACEHOLDER","alias":"col2","tableAlias":null}}]}}},{"type":"basic","task":{"taskType":"basic","id":"task7","numCollected":1,"internalOffset":0,"taskOptions":"null","qs":{"qsType":"FRAME","frameName":"FRAME909552adFed","isDistinct":true,"overrideImplicit":false,"limit":1,"offset":0,"relations":"[]","selectors":[{"type":"FUNCTION","content":{"alias":"Count","function":"count","distinct":false,"colCast":"","innerSelectors":[{"type":"COLUMN","content":{"table":"col1","column":"PRIM_KEY_PLACEHOLDER","alias":"col1","tableAlias":null}}]}}],"explicitFilters":["SIMPLE",{"left":{"pixelType":"COLUMN","class":"prerna.query.querystruct.selectors.QueryColumnSelector","value":[{"type":"COLUMN","content":{"table":"distance","column":"PRIM_KEY_PLACEHOLDER","alias":"distance","tableAlias":null}}],"opType":["OPERATION"]},"comparator":"==","right":{"pixelType":"CONST_INT","class":"java.lang.Integer","value":[0],"opType":["OPERATION"]}}]}}},{"type":"basic","task":{"taskType":"basic","id":"task9","numCollected":1,"internalOffset":0,"taskOptions":"null","qs":{"qsType":"FRAME","frameName":"FRAME909552adFed","isDistinct":true,"overrideImplicit":false,"limit":1,"offset":0,"relations":"[]","selectors":[{"type":"FUNCTION","content":{"alias":"Count","function":"count","distinct":false,"colCast":"","innerSelectors":[{"type":"COLUMN","content":{"table":"col1","column":"PRIM_KEY_PLACEHOLDER","alias":"col1","tableAlias":null}}]}}]}}},{"type":"basic","task":{"taskType":"basic","id":"task11","numCollected":50,"internalOffset":0,"taskOptions":"null","qs":{"qsType":"FRAME","frameName":"FRAME909552adFed","isDistinct":true,"overrideImplicit":false,"limit":50,"offset":0,"relations":"[]","selectors":[{"type":"COLUMN","content":{"table":"distance","column":"PRIM_KEY_PLACEHOLDER","alias":"distance","tableAlias":null}},{"type":"COLUMN","content":{"table":"col1","column":"PRIM_KEY_PLACEHOLDER","alias":"col1","tableAlias":null}},{"type":"COLUMN","content":{"table":"col2","column":"PRIM_KEY_PLACEHOLDER","alias":"col2","tableAlias":null}}]}}},{"type":"basic","task":{"taskType":"basic","id":"task13","numCollected":50,"internalOffset":0,"taskOptions":"null","qs":{"qsType":"FRAME","frameName":"FRAME909552adFed","isDistinct":true,"overrideImplicit":false,"limit":50,"offset":0,"relations":"[]","selectors":[{"type":"COLUMN","content":{"table":"distance","column":"PRIM_KEY_PLACEHOLDER","alias":"distance","tableAlias":null}},{"type":"COLUMN","content":{"table":"col1","column":"PRIM_KEY_PLACEHOLDER","alias":"col1","tableAlias":null}},{"type":"COLUMN","content":{"table":"col2","column":"PRIM_KEY_PLACEHOLDER","alias":"col2","tableAlias":null}}]}}},{"type":"basic","task":{"taskType":"basic","id":"task15","numCollected":1,"internalOffset":0,"taskOptions":"null","qs":{"qsType":"FRAME","frameName":"FRAME470326adFed","isDistinct":true,"overrideImplicit":false,"limit":1,"offset":0,"relations":"[]","selectors":[{"type":"FUNCTION","content":{"alias":"Count","function":"count","distinct":false,"colCast":"","innerSelectors":[{"type":"COLUMN","content":{"table":"col1","column":"PRIM_KEY_PLACEHOLDER","alias":"col1","tableAlias":null}}]}}],"explicitFilters":["SIMPLE",{"left":{"pixelType":"COLUMN","class":"prerna.query.querystruct.selectors.QueryColumnSelector","value":[{"type":"COLUMN","content":{"table":"distance","column":"PRIM_KEY_PLACEHOLDER","alias":"distance","tableAlias":null}}],"opType":["OPERATION"]},"comparator":"==","right":{"pixelType":"CONST_INT","class":"java.lang.Integer","value":[0],"opType":["OPERATION"]}}]}}},{"type":"basic","task":{"taskType":"basic","id":"task17","numCollected":1,"internalOffset":0,"taskOptions":"null","qs":{"qsType":"FRAME","frameName":"FRAME470326adFed","isDistinct":true,"overrideImplicit":false,"limit":1,"offset":0,"relations":"[]","selectors":[{"type":"FUNCTION","content":{"alias":"Count","function":"count","distinct":false,"colCast":"","innerSelectors":[{"type":"COLUMN","content":{"table":"col1","column":"PRIM_KEY_PLACEHOLDER","alias":"col1","tableAlias":null}}]}}]}}},{"type":"basic","task":{"taskType":"basic","id":"task19","numCollected":50,"internalOffset":0,"taskOptions":"null","qs":{"qsType":"FRAME","frameName":"FRAME470326adFed","isDistinct":true,"overrideImplicit":false,"limit":50,"offset":0,"relations":"[]","selectors":[{"type":"COLUMN","content":{"table":"distance","column":"PRIM_KEY_PLACEHOLDER","alias":"distance","tableAlias":null}},{"type":"COLUMN","content":{"table":"col1","column":"PRIM_KEY_PLACEHOLDER","alias":"col1","tableAlias":null}},{"type":"COLUMN","content":{"table":"col2","column":"PRIM_KEY_PLACEHOLDER","alias":"col2","tableAlias":null}}]}}},{"type":"basic","task":{"taskType":"basic","id":"task21","numCollected":500,"internalOffset":0,"taskOptions":"{\"options\":{\"0\":{\"layout\":\"Grid\",\"alignment\":{\"label\":[\"Average_Availability\",\"Average_Availability_1\",\"Average_Latency_ms\",\"Average_Response_Time_sec\",\"Date\",\"Date_1\",\"Days\",\"Days_to_Resolution\",\"EUDs_Connected\",\"Impact\",\"Incident_ID\",\"Incident_Last_Resolved_Date\",\"Incident_Service_Type\",\"Last_Modified_Date\",\"MTF\",\"MTF_1\",\"Outline_Level\",\"Percent_Complete\",\"PNW_REMEDY_TIX\",\"Priority\",\"Site\",\"Site_Group\",\"Site_Name\",\"Status\",\"Submit_Date\",\"Total_EUD_Connection_Failures\",\"Total_EUD_Connection_Successes\",\"Transaction_Count\",\"Transaction_Name\",\"Urgency\"]}}},\"ornament\":false}","qs":{"qsType":"FRAME","frameName":"FRAME55026","isDistinct":true,"overrideImplicit":false,"limit":500,"offset":0,"relations":"[]","selectors":[{"type":"COLUMN","content":{"table":"FRAME55026","column":"Average_Availability","alias":"Average_Availability","tableAlias":null}},{"type":"COLUMN","content":{"table":"FRAME55026","column":"Average_Availability_1","alias":"Average_Availability_1","tableAlias":null}},{"type":"COLUMN","content":{"table":"FRAME55026","column":"Average_Latency_ms","alias":"Average_Latency_ms","tableAlias":null}},{"type":"COLUMN","content":{"table":"FRAME55026","column":"Average_Response_Time_sec","alias":"Average_Response_Time_sec","tableAlias":null}},{"type":"COLUMN","content":{"table":"FRAME55026","column":"Date","alias":"Date","tableAlias":null}},{"type":"COLUMN","content":{"table":"FRAME55026","column":"Date_1","alias":"Date_1","tableAlias":null}},{"type":"COLUMN","content":{"table":"FRAME55026","column":"Days","alias":"Days","tableAlias":null}},{"type":"COLUMN","content":{"table":"FRAME55026","column":"Days_to_Resolution","alias":"Days_to_Resolution","tableAlias":null}},{"type":"COLUMN","content":{"table":"FRAME55026","column":"EUDs_Connected","alias":"EUDs_Connected","tableAlias":null}},{"type":"COLUMN","content":{"table":"FRAME55026","column":"Impact","alias":"Impact","tableAlias":null}},{"type":"COLUMN","content":{"table":"FRAME55026","column":"Incident_ID","alias":"Incident_ID","tableAlias":null}},{"type":"COLUMN","content":{"table":"FRAME55026","column":"Incident_Last_Resolved_Date","alias":"Incident_Last_Resolved_Date","tableAlias":null}},{"type":"COLUMN","content":{"table":"FRAME55026","column":"Incident_Service_Type","alias":"Incident_Service_Type","tableAlias":null}},{"type":"COLUMN","content":{"table":"FRAME55026","column":"Last_Modified_Date","alias":"Last_Modified_Date","tableAlias":null}},{"type":"COLUMN","content":{"table":"FRAME55026","column":"MTF","alias":"MTF","tableAlias":null}},{"type":"COLUMN","content":{"table":"FRAME55026","column":"MTF_1","alias":"MTF_1","tableAlias":null}},{"type":"COLUMN","content":{"table":"FRAME55026","column":"Outline_Level","alias":"Outline_Level","tableAlias":null}},{"type":"COLUMN","content":{"table":"FRAME55026","column":"Percent_Complete","alias":"Percent_Complete","tableAlias":null}},{"type":"COLUMN","content":{"table":"FRAME55026","column":"PNW_REMEDY_TIX","alias":"PNW_REMEDY_TIX","tableAlias":null}},{"type":"COLUMN","content":{"table":"FRAME55026","column":"Priority","alias":"Priority","tableAlias":null}},{"type":"COLUMN","content":{"table":"FRAME55026","column":"Site","alias":"Site","tableAlias":null}},{"type":"COLUMN","content":{"table":"FRAME55026","column":"Site_Group","alias":"Site_Group","tableAlias":null}},{"type":"COLUMN","content":{"table":"FRAME55026","column":"Site_Name","alias":"Site_Name","tableAlias":null}},{"type":"COLUMN","content":{"table":"FRAME55026","column":"Status","alias":"Status","tableAlias":null}},{"type":"COLUMN","content":{"table":"FRAME55026","column":"Submit_Date","alias":"Submit_Date","tableAlias":null}},{"type":"COLUMN","content":{"table":"FRAME55026","column":"Total_EUD_Connection_Failures","alias":"Total_EUD_Connection_Failures","tableAlias":null}},{"type":"COLUMN","content":{"table":"FRAME55026","column":"Total_EUD_Connection_Successes","alias":"Total_EUD_Connection_Successes","tableAlias":null}},{"type":"COLUMN","content":{"table":"FRAME55026","column":"Transaction_Count","alias":"Transaction_Count","tableAlias":null}},{"type":"COLUMN","content":{"table":"FRAME55026","column":"Transaction_Name","alias":"Transaction_Name","tableAlias":null}},{"type":"COLUMN","content":{"table":"FRAME55026","column":"Urgency","alias":"Urgency","tableAlias":null}}]}}},{"type":"basic","task":{"taskType":"basic","id":"task23","numCollected":500,"internalOffset":0,"taskOptions":"{\"options\":{\"3\":{\"layout\":\"Pie\",\"alignment\":{\"heat\":[],\"tooltip\":[],\"label\":[\"Priority\"],\"value\":[\"Number_of_Tickets\"],\"facet\":[]}}},\"ornament\":false}","qs":{"qsType":"FRAME","frameName":"FRAME55026","isDistinct":true,"overrideImplicit":false,"limit":500,"offset":0,"relations":"[]","groups":["{\"column\":\"PRIM_KEY_PLACEHOLDER\",\"table\":\"Priority\",\"alias\":\"\"}"],"selectors":[{"type":"COLUMN","content":{"table":"Priority","column":"PRIM_KEY_PLACEHOLDER","alias":"Priority","tableAlias":null}},{"type":"FUNCTION","content":{"alias":"Number_of_Tickets","function":"uniquecount","distinct":true,"colCast":"","innerSelectors":[{"type":"COLUMN","content":{"table":"Incident_ID","column":"PRIM_KEY_PLACEHOLDER","alias":"Incident_ID","tableAlias":null}}]}}]}}},{"type":"basic","task":{"taskType":"basic","id":"task25","numCollected":500,"internalOffset":0,"taskOptions":"{\"options\":{\"1\":{\"layout\":\"Pie\",\"alignment\":{\"heat\":[],\"tooltip\":[],\"label\":[\"Impact\"],\"value\":[\"Number_of_Tickets\"],\"facet\":[]}}},\"ornament\":false}","qs":{"qsType":"FRAME","frameName":"FRAME55026","isDistinct":true,"overrideImplicit":false,"limit":500,"offset":0,"relations":"[]","groups":["{\"column\":\"PRIM_KEY_PLACEHOLDER\",\"table\":\"Impact\",\"alias\":\"\"}"],"selectors":[{"type":"COLUMN","content":{"table":"Impact","column":"PRIM_KEY_PLACEHOLDER","alias":"Impact","tableAlias":null}},{"type":"FUNCTION","content":{"alias":"Number_of_Tickets","function":"uniquecount","distinct":true,"colCast":"","innerSelectors":[{"type":"COLUMN","content":{"table":"Incident_ID","column":"PRIM_KEY_PLACEHOLDER","alias":"Incident_ID","tableAlias":null}}]}}]}}},{"type":"basic","task":{"taskType":"basic","id":"task27","numCollected":500,"internalOffset":0,"taskOptions":"{\"options\":{\"2\":{\"layout\":\"Column\",\"alignment\":{\"tooltip\":[\"Total_EUD_Connection_Successes\"],\"label\":[\"Date\"],\"value\":[\"EUDs_Connected\",\"Total_EUD_Connection_Failures\"],\"facet\":[]}}},\"ornament\":false}","qs":{"qsType":"FRAME","frameName":"FRAME55026","isDistinct":true,"overrideImplicit":false,"limit":500,"offset":0,"relations":"[]","groups":["{\"column\":\"PRIM_KEY_PLACEHOLDER\",\"table\":\"Date\",\"alias\":\"\"}"],"selectors":[{"type":"COLUMN","content":{"table":"Date","column":"PRIM_KEY_PLACEHOLDER","alias":"Date","tableAlias":null}},{"type":"FUNCTION","content":{"alias":"EUDs_Connected","function":"mean","distinct":false,"colCast":"","innerSelectors":[{"type":"COLUMN","content":{"table":"EUDs_Connected","column":"PRIM_KEY_PLACEHOLDER","alias":"EUDs_Connected","tableAlias":null}}]}},{"type":"FUNCTION","content":{"alias":"Total_EUD_Connection_Failures","function":"mean","distinct":false,"colCast":"","innerSelectors":[{"type":"COLUMN","content":{"table":"Total_EUD_Connection_Failures","column":"PRIM_KEY_PLACEHOLDER","alias":"Total_EUD_Connection_Failures","tableAlias":null}}]}},{"type":"FUNCTION","content":{"alias":"Total_EUD_Connection_Successes","function":"mean","distinct":false,"colCast":"","innerSelectors":[{"type":"COLUMN","content":{"table":"Total_EUD_Connection_Successes","column":"PRIM_KEY_PLACEHOLDER","alias":"Total_EUD_Connection_Successes","tableAlias":null}}]}}]}}}],"taskCounter":28},"recipe":["AddPanel ( 0 ) ;","Panel ( 0 ) | AddPanelConfig ( config = [ { \"config\" : { \"type\" : \"STANDARD\" , \"opacity\" : 100 } } ] ) ;","Panel ( 0 ) | AddPanelEvents ( { \"onSingleClick\" : { \"Unfilter\" : [ { \"panel\" : \"\" , \"query\" : \"<encode>UnfilterFrame(<SelectedColumn>);</encode>\" , \"options\" : { } , \"refresh\" : false , \"default\" : true , \"disabledVisuals\" : [ \"Grid\" , \"Sunburst\" ] , \"disabled\" : false } ] } , \"onBrush\" : { \"Filter\" : [ { \"panel\" : \"\" , \"query\" : \"<encode>if(IsEmpty(<SelectedValues>), UnfilterFrame(<SelectedColumn>), SetFrameFilter(<SelectedColumn>==<SelectedValues>));</encode>\" , \"options\" : { } , \"refresh\" : false , \"default\" : true , \"disabled\" : false } ] } } ) ;","Panel ( 0 ) | RetrievePanelEvents ( ) ;","Panel ( 0 ) | SetPanelView ( \"visualization\" , \"<encode>{\"type\":\"echarts\"}</encode>\" ) ;","Panel ( 0 ) | SetPanelView ( \"federate-view\" , \"<encode>{\"app_id\":\"11f9b660-1fb0-427c-ad75-7dd88903ca0d\"}</encode>\" ) ;","CreateFrame ( frameType = [ R ] ) .as ( [ 'FRAME55026' ] ) ;","Database ( database = [ \"04c07c50-1831-4b57-a997-cf1a29c1cf53\" ] ) | Select ( PNW_REMEDY_TIX , PNW_REMEDY_TIX__Days , PNW_REMEDY_TIX__Days_to_Resolution , PNW_REMEDY_TIX__Impact , PNW_REMEDY_TIX__Incident_ID , PNW_REMEDY_TIX__Incident_Last_Resolved_Date , PNW_REMEDY_TIX__Incident_Service_Type , PNW_REMEDY_TIX__Last_Modified_Date , PNW_REMEDY_TIX__Priority , PNW_REMEDY_TIX__Site , PNW_REMEDY_TIX__Site_Group , PNW_REMEDY_TIX__Status , PNW_REMEDY_TIX__Submit_Date , PNW_REMEDY_TIX__Urgency ) .as ( [ PNW_REMEDY_TIX , Days , Days_to_Resolution , Impact , Incident_ID , Incident_Last_Resolved_Date , Incident_Service_Type , Last_Modified_Date , Priority , Site , Site_Group , Status , Submit_Date , Urgency ] ) | Import ( frame = [ FRAME55026 ] ) ;","##D2D Percent Complete##","FederationBestMatches ( app = [ \"573aea41-3d2b-47ae-ba4b-70db9fe5c07f\" ] , concept = [ \"Unique_Task_Name\" ] , column = [ \"Site_Name\" ] , frameCol = [ \"Site_Group\" ] , outputFrame = [ \"FRAME638632adFed\" ] ) ;","Frame ( FRAME638632adFed ) | Select ( Count ( col1 ) ) .as ( [ Count ] ) | Filter ( distance == 0 ) | Collect ( 1 ) ;","Frame ( FRAME638632adFed ) | Select ( Count ( col1 ) ) .as ( [ Count ] ) | Collect ( 1 ) ;","Frame ( frame = [ FRAME638632adFed ] ) | Select ( distance , col1 , col2 ) .as ( [ distance , col1 , col2 ] ) | Collect ( 50 ) ;","FederationBlend ( app = [ \"573aea41-3d2b-47ae-ba4b-70db9fe5c07f\" ] , concept = [ \"Unique_Task_Name\" ] , column = [ \"Site_Name\" ] , fedFrame = [ \"FRAME638632adFed\" ] , frameCol = [ \"Site_Group\" ] , joinType = [ \"inner\" ] , matches = [ \"FAIRCHILD_AFB==FAIRCHILD_AFB\" , \"BREMERTON==NH_BREMERTON\" , \"OAK_HARBOR==NH_OAK_HARBOR\" , \"JOINT_(AF)_BASE_LEWIS-MCCHORD==JB_LEWIS-MCCHORD\" ] , nonMatches = [ ] , propagation = [ 80 ] , additionalCols = [ \"Percent_Complete\" , \"Outline_Level\" ] ) ;","##blend in topaz uptime##","FederationBestMatches ( app = [ \"04c07c50-1831-4b57-a997-cf1a29c1cf53\" ] , concept = [ \"SYNTHETIC_TRANSITIONS_TOPAZ\" ] , column = [ \"MTF\" ] , frameCol = [ \"Site_Group\" ] , outputFrame = [ \"FRAME909552adFed\" ] ) ;","Frame ( FRAME909552adFed ) | Select ( Count ( col1 ) ) .as ( [ Count ] ) | Filter ( distance == 0 ) | Collect ( 1 ) ;","Frame ( FRAME909552adFed ) | Select ( Count ( col1 ) ) .as ( [ Count ] ) | Collect ( 1 ) ;","Frame ( frame = [ FRAME909552adFed ] ) | Select ( distance , col1 , col2 ) .as ( [ distance , col1 , col2 ] ) | Collect ( 50 ) ;","Frame ( frame = [ FRAME909552adFed ] ) | Select ( distance , col1 , col2 ) .as ( [ distance , col1 , col2 ] ) | Collect ( 50 ) ;","FederationBlend ( app = [ \"04c07c50-1831-4b57-a997-cf1a29c1cf53\" ] , concept = [ \"SYNTHETIC_TRANSITIONS_TOPAZ\" ] , column = [ \"MTF\" ] , fedFrame = [ \"FRAME909552adFed\" ] , frameCol = [ \"Site_Group\" ] , joinType = [ \"inner\" ] , matches = [ \"FAIRCHILD_AFB==Fairchild_AFB\" , \"OAK_HARBOR==Oak_Harbor\" , \"BREMERTON==Bremerton_NBHC\" , \"JOINT_(AF)_BASE_LEWIS-MCCHORD==Fort_Lewis\" ] , nonMatches = [ ] , propagation = [ 80 ] , additionalCols = [ \"Average_Availability\" , \"Average_Response_Time_sec\" , \"Date\" , \"Transaction_Count\" , \"Transaction_Name\" ] ) ;","Panel ( 0 ) | SetPanelView ( \"visualization\" ) ;","Panel ( 0 ) | SetPanelView ( \"federate-view\" ) ;","FederationBestMatches ( app = [ \"11f9b660-1fb0-427c-ad75-7dd88903ca0d\" ] , concept = [ \"PNW_UPTIME\" ] , column = [ \"MTF\" ] , frameCol = [ \"Site_Group\" ] , outputFrame = [ \"FRAME470326adFed\" ] ) ;","Frame ( FRAME470326adFed ) | Select ( Count ( col1 ) ) .as ( [ Count ] ) | Filter ( distance == 0 ) | Collect ( 1 ) ;","Frame ( FRAME470326adFed ) | Select ( Count ( col1 ) ) .as ( [ Count ] ) | Collect ( 1 ) ;","Frame ( frame = [ FRAME470326adFed ] ) | Select ( distance , col1 , col2 ) .as ( [ distance , col1 , col2 ] ) | Collect ( 50 ) ;","FederationBlend ( app = [ \"11f9b660-1fb0-427c-ad75-7dd88903ca0d\" ] , concept = [ \"PNW_UPTIME\" ] , column = [ \"MTF\" ] , fedFrame = [ \"FRAME470326adFed\" ] , frameCol = [ \"Site_Group\" ] , joinType = [ \"inner\" ] , matches = [ \"OAK_HARBOR==Oak_Harbor\" , \"BREMERTON==Bremerton\" , \"FAIRCHILD_AFB==Fairchild\" , \"JOINT_(AF)_BASE_LEWIS-MCCHORD==Madigan\" ] , nonMatches = [ ] , propagation = [ 80 ] , additionalCols = [ \"Average_Availability\" , \"Average_Latency_ms\" , \"Date\" , \"EUDs_Connected\" , \"Total_EUD_Connection_Failures\" , \"Total_EUD_Connection_Successes\" ] ) ;","Panel ( 0 ) | SetPanelView ( \"visualization\" ) ;","Frame ( ) | QueryAll ( ) | AutoTaskOptions ( panel = [ \"0\" ] , layout = [ \"Grid\" ] ) | Collect ( 500 ) ;","Panel ( 0 ) | SetPanelView ( \"text-widget\" , \"<encode>{\"html\":\"<div id=\\\"projectFacts\\\" class=\\\"sectionClass\\\">\\n    <div class=\\\"fullWidth eight columns\\\">\\n        <div class=\\\"projectFactsWrap \\\">\\n            <div ng-repeat='site in Site[0].output.data.values' class=\\\"item wow fadeInUpBig animated animated\\\" data-number=\\\"5\\\" style=\\\"visibility: visible;\\\">\\n                <p ng-click='textWidget.runPixel(\\\"Panel(2) | SetPanelLabel(\\\\\\\"\\\" + site[0] + \\\"\\\\\\\"); Panel ( 1 ) | AddPanelOrnaments ( { \\\\\\\"tools\\\\\\\" : { \\\\\\\"shared\\\\\\\" : { \\\\\\\"watermark\\\\\\\" : \\\\\\\"\\\" + site[0] + \\\"\\\\\\\" } } } );Panel ( 3 ) | AddPanelOrnaments ( { \\\\\\\"tools\\\\\\\" : { \\\\\\\"shared\\\\\\\" : { \\\\\\\"watermark\\\\\\\" : \\\\\\\"\\\" + site[0] + \\\"\\\\\\\" } } } ); Select ( Impact , UniqueCount ( Incident_ID ) ) .as ( [ Impact , Number_of_Tickets ] ) | Filter (Site_Group==[\\\\\\\"\\\" + site[0] + \\\"\\\\\\\"]) | Group ( Impact ) | With ( Panel ( 1 ) ) | Format ( type = [ \\\\\\\"table\\\\\\\" ] ) | TaskOptions ( { \\\\\\\"1\\\\\\\" : { \\\\\\\"layout\\\\\\\" : \\\\\\\"Pie\\\\\\\" , \\\\\\\"alignment\\\\\\\" : { \\\\\\\"label\\\\\\\" : [ \\\\\\\"Impact\\\\\\\" ] , \\\\\\\"value\\\\\\\" : [ \\\\\\\"Number_of_Tickets\\\\\\\" ] , \\\\\\\"heat\\\\\\\" : [ ] , \\\\\\\"tooltip\\\\\\\" : [ ] , \\\\\\\"facet\\\\\\\" : [ ] } } } ) | Collect ( 500 ); Select ( Priority , UniqueCount ( Incident_ID ) ) .as ( [ Priority , Number_of_Tickets ] ) | Filter (Site_Group==[\\\\\\\"\\\" + site[0] + \\\"\\\\\\\"]) | Group ( Priority ) | With ( Panel ( 3 ) ) | Format ( type = [ \\\\\\\"table\\\\\\\" ] ) | TaskOptions ( { \\\\\\\"3\\\\\\\" : { \\\\\\\"layout\\\\\\\" : \\\\\\\"Pie\\\\\\\" , \\\\\\\"alignment\\\\\\\" : { \\\\\\\"label\\\\\\\" : [ \\\\\\\"Priority\\\\\\\" ] , \\\\\\\"value\\\\\\\" : [ \\\\\\\"Number_of_Tickets\\\\\\\" ] , \\\\\\\"heat\\\\\\\" : [ ] , \\\\\\\"tooltip\\\\\\\" : [ ] , \\\\\\\"facet\\\\\\\" : [ ] } } } ) | Collect ( 500 ); Select ( Date , Average ( EUDs_Connected ) , Average ( Total_EUD_Connection_Failures ) , Average ( Total_EUD_Connection_Successes ) ) .as ( [ Date , EUDs_Connected , Total_EUD_Connection_Failures , Total_EUD_Connection_Successes ] ) | Filter (Site_Group==[\\\\\\\"\\\" + site[0] + \\\"\\\\\\\"]) | Group ( Date ) | With ( Panel ( 2 ) ) | Format ( type = [ \\\\\\\"table\\\\\\\" ] ) | TaskOptions ( { \\\\\\\"2\\\\\\\" : { \\\\\\\"layout\\\\\\\" : \\\\\\\"Column\\\\\\\" , \\\\\\\"alignment\\\\\\\" : { \\\\\\\"label\\\\\\\" : [ \\\\\\\"Date\\\\\\\" ] , \\\\\\\"value\\\\\\\" : [ \\\\\\\"EUDs_Connected\\\\\\\" , \\\\\\\"Total_EUD_Connection_Failures\\\\\\\" ] , \\\\\\\"tooltip\\\\\\\" : [ \\\\\\\"Total_EUD_Connection_Successes\\\\\\\" ] , \\\\\\\"facet\\\\\\\" : [ ] } } } ) | Collect ( 500 )\\n                    \\\")' ng-if='site[0] != \\\"JOINT_(AF)_BASE_LEWIS-MCCHORD\\\" ' ng-click='textWidget.runPixel(\\\"AddPanel(10)\\\")' id=\\\"number1\\\" class=\\\"number\\\">{{site[0] | replaceUnderscores}}</p>\\n                <p ng-click='textWidget.runPixel(\\\"Panel(2) | SetPanelLabel(\\\\\\\"MADIGAN\\\\\\\"); Panel ( 1 ) | AddPanelOrnaments ( { \\\\\\\"tools\\\\\\\" : { \\\\\\\"shared\\\\\\\" : { \\\\\\\"watermark\\\\\\\" : \\\\\\\"\\\" + site[0] + \\\"\\\\\\\" } } } );Panel ( 3 ) | AddPanelOrnaments ( { \\\\\\\"tools\\\\\\\" : { \\\\\\\"shared\\\\\\\" : { \\\\\\\"watermark\\\\\\\" : \\\\\\\"\\\" + site[0] + \\\"\\\\\\\" } } } ); Select ( Impact , UniqueCount ( Incident_ID ) ) .as ( [ Impact , Number_of_Tickets ] ) | Filter (Site_Group==[\\\\\\\"\\\" + site[0] + \\\"\\\\\\\"]) | Group ( Impact ) | With ( Panel ( 1 ) ) | Format ( type = [ \\\\\\\"table\\\\\\\" ] ) | TaskOptions ( { \\\\\\\"1\\\\\\\" : { \\\\\\\"layout\\\\\\\" : \\\\\\\"Pie\\\\\\\" , \\\\\\\"alignment\\\\\\\" : { \\\\\\\"label\\\\\\\" : [ \\\\\\\"Impact\\\\\\\" ] , \\\\\\\"value\\\\\\\" : [ \\\\\\\"Number_of_Tickets\\\\\\\" ] , \\\\\\\"heat\\\\\\\" : [ ] , \\\\\\\"tooltip\\\\\\\" : [ ] , \\\\\\\"facet\\\\\\\" : [ ] } } } ) | Collect ( 500 ); Select ( Priority , UniqueCount ( Incident_ID ) ) .as ( [ Priority , Number_of_Tickets ] ) | Filter (Site_Group==[\\\\\\\"\\\" + site[0] + \\\"\\\\\\\"]) | Group ( Priority ) | With ( Panel ( 3 ) ) | Format ( type = [ \\\\\\\"table\\\\\\\" ] ) | TaskOptions ( { \\\\\\\"3\\\\\\\" : { \\\\\\\"layout\\\\\\\" : \\\\\\\"Pie\\\\\\\" , \\\\\\\"alignment\\\\\\\" : { \\\\\\\"label\\\\\\\" : [ \\\\\\\"Priority\\\\\\\" ] , \\\\\\\"value\\\\\\\" : [ \\\\\\\"Number_of_Tickets\\\\\\\" ] , \\\\\\\"heat\\\\\\\" : [ ] , \\\\\\\"tooltip\\\\\\\" : [ ] , \\\\\\\"facet\\\\\\\" : [ ] } } } ) | Collect ( 500 ); Select ( Date , Average ( EUDs_Connected ) , Average ( Total_EUD_Connection_Failures ) , Average ( Total_EUD_Connection_Successes ) ) .as ( [ Date , EUDs_Connected , Total_EUD_Connection_Failures , Total_EUD_Connection_Successes ] ) | Filter (Site_Group==[\\\\\\\"\\\" + site[0] + \\\"\\\\\\\"]) | Group ( Date ) | With ( Panel ( 2 ) ) | Format ( type = [ \\\\\\\"table\\\\\\\" ] ) | TaskOptions ( { \\\\\\\"2\\\\\\\" : { \\\\\\\"layout\\\\\\\" : \\\\\\\"Column\\\\\\\" , \\\\\\\"alignment\\\\\\\" : { \\\\\\\"label\\\\\\\" : [ \\\\\\\"Date\\\\\\\" ] , \\\\\\\"value\\\\\\\" : [ \\\\\\\"EUDs_Connected\\\\\\\" , \\\\\\\"Total_EUD_Connection_Failures\\\\\\\" ] , \\\\\\\"tooltip\\\\\\\" : [ \\\\\\\"Total_EUD_Connection_Successes\\\\\\\" ] , \\\\\\\"facet\\\\\\\" : [ ] } } } ) | Collect ( 500 )\\n                \\\")' ng-if='site[0] === \\\"JOINT_(AF)_BASE_LEWIS-MCCHORD\\\" ' ng-click='textWidget.runPixel(\\\"AddPanel(10)\\\")' id=\\\"number1\\\" class=\\\"number\\\">MADIGAN AFB</p>\\n                <span></span>\\n                <p>Number of Open Tickets: {{site[1] | number:0}}</p>\\n                <p>D2D Migration Completion: {{site[2] | number:0}}%</p>\\n                <div ng-repeat='res in Resolution[0].output.data.values'>\\n                    <p ng-if='res[1] === site[0]'>Avg. Time Resolve Most Critical Tickets: {{res[0] | number:2}} Days</p>\\n                </div>\\n                <p>Avg. Availability via Topaz: {{site[3] | number:2}}</p>\\n                <p>Average Latency: {{site[4] | number:2}} ms</p>\\n            </div>\\n        </div>\\n    </div>\\n</div>\\n\\n<style>\\n        #TextWidget @import url(https://fonts.googleapis.com/css?family=PT+Sans+Narrow);\\n    body{\\n        font-family: Open Sans, \\\"Helvetica Neue\\\", \\\"Helvetica\\\", Helvetica, Arial, sans-serif;\\n        font-size: 13px;\\n        color: #666;\\n        position: relative;\\n        -webkit-font-smoothing: antialiased;\\n        margin: 0;\\n    }\\n    \\n    #TextWidget *{\\n        -webkit-box-sizing: border-box;\\n        -moz-box-sizing: border-box;\\n        box-sizing: border-box;\\n    }\\n    \\n    #TextWidget body, #TextWidget div, #TextWidget dl, #TextWidget dt, #TextWidget dd, #TextWidget ul, #TextWidget ol, #TextWidget li, #TextWidget h1, #TextWidget h2, #TextWidget h3, #TextWidget h4, #TextWidget h5, #TextWidget h6, #TextWidget pre, #TextWidget form, #TextWidget p, #TextWidget blockquote, #TextWidget th, #TextWidget td{\\n        margin: 0;\\n        padding: 0;\\n        font-size: 13px;\\n        direction: ltr;\\n    }\\n    \\n    #TextWidget .number:hover{\\n        cursor: pointer;\\n    }\\n    \\n    #TextWidget .sectionClass{\\n        padding: 0px 0px 0px 0px;\\n        position: relative;\\n        display: block;\\n    }\\n    \\n    #TextWidget .fullWidth{\\n        width: 100%;\\n        display: table;\\n        float: none;\\n        padding: 0;\\n        min-height: 1px;\\n        height: 100% !important;\\n        position: relative;\\n    }\\n    \\n    #TextWidget .sectiontitle{\\n        background-position: center;\\n        margin: 0px 0 0px;\\n        text-align: center;\\n        min-height: 0px;\\n    }\\n    \\n    #TextWidget .sectiontitle h2{\\n        font-size: 30px;\\n        color: #575757;\\n        margin-bottom: 0px;\\n        padding-right: 0px;\\n        padding-left: 0px;\\n    }\\n    \\n    #TextWidget .headerLine{\\n        width: 160px;\\n        height: 0px;\\n        display: inline-block;\\n        background: #575757;\\n    }\\n    \\n    #TextWidget .projectFactsWrap{\\n        display: flex;\\n        margin-top: 0px;\\n        flex-direction: row;\\n        flex-wrap: wrap;\\n    }\\n    \\n    #TextWidget #projectFacts .fullWidth{\\n        padding: 0;\\n    }\\n    \\n    #TextWidget .projectFactsWrap .item{\\n        width: 25%;\\n        height: 100%;\\n        padding: 5px 0px;\\n        text-align: center;\\n    }\\n    \\n    #TextWidget .projectFactsWrap .item:nth-child(1){\\n        background: rgb(226, 226, 226);\\n    }\\n    \\n    #TextWidget .projectFactsWrap .item:nth-child(2){\\n        background: rgb(226, 226, 226);\\n    }\\n    \\n    #TextWidget .projectFactsWrap .item:nth-child(3){\\n        background: rgb(226, 226, 226);\\n    }\\n    \\n    #TextWidget .projectFactsWrap .item:nth-child(4){\\n        background: rgb(226, 226, 226);\\n    }\\n    \\n    #TextWidget .projectFactsWrap .item p.number{\\n        font-size: 30px;\\n        padding: 0;\\n        font-weight: bold;\\n    }\\n    \\n    #TextWidget .projectFactsWrap .item p{\\n        color: rgba(87, 87, 87, 0.8);\\n        font-size: 18px;\\n        margin: 0;\\n        padding: 0 px;\\n        font-family: 'Open Sans';\\n    }\\n    \\n    #TextWidget .projectFactsWrap .item span{\\n        width: 160px;\\n        background: #00a3e0;\\n        height: 2px;\\n        display: block;\\n        margin: 0 auto;\\n    }\\n    \\n    #TextWidget .projectFactsWrap .item i{\\n        vertical-align: middle;\\n        font-size: 50px;\\n        color: rgba(87, 87, 87, 0.8);\\n    }\\n    \\n    #TextWidget .projectFactsWrap .item:hover i, #TextWidget .projectFactsWrap .item:hover p{\\n        color: #00a3e0;\\n    }\\n    \\n    #TextWidget .projectFactsWrap .item:hover span{\\n        background: #00a3e0;\\n    }\\n    \\n    #TextWidget @media (max-width: 786px){\\n        .projectFactsWrap .item {\\n            flex: 0 0 50%;\\n        }\\n        #TextWidget\\n    }\\n    \\n    #TextWidget .trans{\\n        opacity: 1;\\n        -webkit-transform: translateX(0px);\\n        transform: translateX(0px);\\n        -webkit-transition: all 500ms ease;\\n        -moz-transition: all 500ms ease;\\n        transition: all 500ms ease;\\n</style>\",\"varList\":[{\"name\":\"Site\",\"query\":\"Select ( Site_Group , UniqueCount ( Incident_ID ) , UniqueAverage ( Percent_Complete ), Average(Average_Availability), Average(Average_Latency_ms) ) | Filter (Site_Group == [ \\\"BREMERTON\\\" , \\\"FAIRCHILD_AFB\\\" , \\\"JOINT_(AF)_BASE_LEWIS-MCCHORD\\\" , \\\"OAK_HARBOR\\\" ]) | Filter (Status == [\\\"Assigned\\\", \\\"Pending\\\", \\\"In_Progress\\\"]) | Filter ( Outline_Level == [1]) | Group ( Site_Group ) | CollectAll ();\"},{\"name\":\"Resolution\",\"query\":\"Database ( database = [ \\\"2f78202b-286a-44c4-a051-0d1b9e7ad7cd\\\" ] ) | Select (Average (PNW_REMEDY_TIX__Days_to_Resolution), PNW_REMEDY_TIX__Site_Group ) | Filter (PNW_REMEDY_TIX__Site_Group == [ \\\"BREMERTON\\\" , \\\"FAIRCHILD_AFB\\\" , \\\"JOINT_(AF)_BASE_LEWIS-MCCHORD\\\" , \\\"OAK_HARBOR\\\" ]) | Filter (PNW_REMEDY_TIX__Impact == [\\\"1-Extensive/Widespread\\\"] OR PNW_REMEDY_TIX__Priority == \\\"Critical\\\" OR PNW_REMEDY_TIX__Urgency == \\\"1-Critical\\\") | Group (PNW_REMEDY_TIX__Site_Group) | CollectAll();\"}],\"freeze\":false,\"loading\":true}</encode>\" ) ;","Panel ( 0 ) | SetPanelLabel ( \"PNW Statistics\" ) ;","##Add Panels##","AddPanel ( 1 ) ;","AddPanel ( 2 ) ;","AddPanel ( 3 ) ;","##Tickets by Priority##","Panel ( 3 ) | SetPanelView ( \"visualization\" , \"<encode>{\"type\":\"echarts\"}</encode>\" ) ;","Frame ( ) | Select ( Priority , UniqueCount ( Incident_ID ) ) .as ( [ Priority , Number_of_Tickets ] ) | Group ( Priority ) | With ( Panel ( 3 ) ) | Format ( type = [ 'table' ] ) | TaskOptions ( { \"3\" : { \"layout\" : \"Pie\" , \"alignment\" : { \"label\" : [ \"Priority\" ] , \"value\" : [ \"Number_of_Tickets\" ] , \"heat\" : [ ] , \"tooltip\" : [ ] , \"facet\" : [ ] } } } ) | Collect ( 500 ) ;","Panel ( 3 ) | AddPanelOrnaments ( { \"tools\" : { \"shared\" : { \"animationPie\" : \"Expansion\" } } } ) ;","Panel ( 3 ) | AddPanelOrnaments ( { \"tools\" : { \"shared\" : { \"toggleDonut\" : true } } } ) ;","Panel ( 3 ) | AddPanelOrnaments ( { \"tools\" : { \"shared\" : { \"toggleLegend\" : true } } } ) ;","Panel ( 3 ) | AddPanelOrnaments ( { \"tools\" : { \"shared\" : { \"displayValues\" : true } } } ) ;","Panel ( 3 ) | AddPanelConfig ( config = [ { \"config\" : { \"opacity\" : 100 , \"type\" : \"STANDARD\" , \"locked\" : false , \"backgroundColor\" : \"#FFFFFF\" , \"transparent\" : true } , \"label\" : \"Tickets by Priority\" } ] ) ;","Panel ( 3 ) | AddPanelOrnaments ( { \"tools\" : { \"shared\" : { \"colorName\" : \"Four\" , \"color\" : { \"Critical\" : \"#184D68\" , \"High\" : \"#7CA343\" , \"Low\" : \"#F9651B\" , \"Medium\" : \"#0B264D\" } , \"backgroundColor\" : \"#FFFFFF\" } } } ) ;","##Tickets by Impact##","Panel ( 1 ) | SetPanelView ( \"visualization\" , \"<encode>{\"type\":\"echarts\"}</encode>\" ) ;","Frame ( ) | Select ( Impact , UniqueCount ( Incident_ID ) ) .as ( [ Impact , Number_of_Tickets ] ) | Group ( Impact ) | With ( Panel ( 1 ) ) | Format ( type = [ 'table' ] ) | TaskOptions ( { \"1\" : { \"layout\" : \"Pie\" , \"alignment\" : { \"label\" : [ \"Impact\" ] , \"value\" : [ \"Number_of_Tickets\" ] , \"heat\" : [ ] , \"tooltip\" : [ ] , \"facet\" : [ ] } } } ) | Collect ( 500 ) ;","Panel ( 1 ) | AddPanelOrnaments ( { \"tools\" : { \"shared\" : { \"animationPie\" : \"Expansion\" } } } ) ;","Panel ( 1 ) | AddPanelOrnaments ( { \"tools\" : { \"shared\" : { \"toggleDonut\" : true } } } ) ;","Panel ( 1 ) | AddPanelOrnaments ( { \"tools\" : { \"shared\" : { \"toggleLegend\" : true } } } ) ;","Panel ( 1 ) | AddPanelOrnaments ( { \"tools\" : { \"shared\" : { \"displayValues\" : true } } } ) ;","Panel ( 1 ) | AddPanelConfig ( config = [ { \"config\" : { \"opacity\" : 100 , \"type\" : \"STANDARD\" , \"locked\" : false , \"backgroundColor\" : \"#FFFFFF\" , \"transparent\" : true } , \"label\" : \"Tickets by Impact\" } ] ) ;","Panel ( 1 ) | AddPanelOrnaments ( { \"tools\" : { \"shared\" : { \"colorName\" : \"Four\" , \"color\" : { \"1-Extensive/Widespread\" : \"#184D68\" , \"2-Significant/Large\" : \"#7CA343\" , \"3-Moderate/Limited\" : \"#F9651B\" , \"4-Minor/Localized\" : \"#0B264D\" } , \"backgroundColor\" : \"#FFFFFF\" } } } ) ;","## Devices connected, failures, and successes##","Panel ( 2 ) | SetPanelView ( \"visualization\" , \"<encode>{\"type\":\"echarts\"}</encode>\" ) ;","Select ( Date , Average ( EUDs_Connected ) , Average ( Total_EUD_Connection_Failures ) , Average ( Total_EUD_Connection_Successes ) ) .as ( [ Date , EUDs_Connected , Total_EUD_Connection_Failures , Total_EUD_Connection_Successes ] ) | Group ( Date ) | With ( Panel ( 2 ) ) | Format ( type = [ 'table' ] ) | TaskOptions ( { \"2\" : { \"layout\" : \"Column\" , \"alignment\" : { \"label\" : [ \"Date\" ] , \"value\" : [ \"EUDs_Connected\" , \"Total_EUD_Connection_Failures\" ] , \"tooltip\" : [ \"Total_EUD_Connection_Successes\" ] , \"facet\" : [ ] } } } ) | Collect ( 500 ) ;","Panel ( 2 ) | AddPanelOrnaments ( { \"tools\" : { \"shared\" : { \"colorName\" : \"Four\" , \"color\" : { \"EUDs Connected\" : \"#184D68\" , \"Total EUD Connection Failures\" : \"#7CA343\" } , \"backgroundColor\" : \"#FFFFFF\" } } } ) ;","Panel ( 2 ) | AddPanelOrnaments ( { \"tools\" : { \"shared\" : { \"toggleLegend\" : true } } } ) ;","Panel ( 2 ) | AddPanelOrnaments ( { \"tools\" : { \"shared\" : { \"toggleAverage\" : true } } } ) ;","Panel ( 2 ) | AddPanelConfig ( config = [ { \"config\" : { \"opacity\" : 100 , \"type\" : \"STANDARD\" , \"locked\" : false , \"backgroundColor\" : \"#FFFFFF\" , \"transparent\" : true } , \"label\" : \"EUD Connection Details\" } ] ) ;","Panel ( 0 ) | AddPanelConfig ( config = [ { \"config\" : { \"opacity\" : 100 , \"type\" : \"STANDARD\" , \"locked\" : false , \"backgroundColor\" : \"#FFFFFF\" , \"transparent\" : true } , \"label\" : \"PNW Statistics\" } ] ) ;","Panel ( 0 ) | AddPanelOrnaments ( { \"tools\" : { \"shared\" : { \"watermark\" : \"\" } } } ) ;","Panel ( 0 ) | RetrievePanelOrnaments ( \"tools\" ) ;"]}