{"engineId":"04c07c50-1831-4b57-a997-cf1a29c1cf53","engineName":"HIMSS Networks","rdbmsId":"5d6e25b2-f6d5-483b-a023-3707f0dfc985","varstore":{},"frames":[{"file":"@BaseFolder@\\db\\@ENGINE@\\version\\5d6e25b2-f6d5-483b-a023-3707f0dfc985\\FRAME959668.rda","meta":"@BaseFolder@\\db\\@ENGINE@\\version\\5d6e25b2-f6d5-483b-a023-3707f0dfc985\\METADATA__FRAME959668.owl","state":null,"type":"prerna.ds.r.RDataTable","name":"FRAME959668","keys":["$CUR_FRAME_KEY","FRAME959668"]},{"file":"@BaseFolder@\\db\\@ENGINE@\\version\\5d6e25b2-f6d5-483b-a023-3707f0dfc985\\FRAME395227.gz","meta":"@BaseFolder@\\db\\@ENGINE@\\version\\5d6e25b2-f6d5-483b-a023-3707f0dfc985\\METADATA__FRAME395227.owl","state":null,"type":"prerna.ds.h2.H2Frame","name":"FRAME395227","keys":["FRAME395227"]}],"panels":[{"panelId":"0","panelLabel":"Ticket Trends","view":"visualization","viewOptions":"{\"type\":\"echarts\"}","viewOptionsMap":{"federate-view":{"app_id":"04c07c50-1831-4b57-a997-cf1a29c1cf53"},"visualization":{"type":"echarts"}},"config":{"type":"STANDARD","opacity":100},"ornaments":{"tools":{"shared":{"toggleLegend":true,"colorName":"Four","backgroundColor":"#FFFFFF","lineStyle":{"width":"2","type":"solid"},"color":{"Total Closed":"#184D68","Total Created":"#7CA343","Total Open":"#F9651B"},"toggleZoomX":true}}},"events":{"onSingleClick":{"Unfilter":[{"disabledVisuals":["Grid","Sunburst"],"default":true,"query":"UnfilterFrame(<SelectedColumn>);","options":{},"refresh":false,"disabled":false,"panel":""}]},"onBrush":{"Filter":[{"default":true,"query":"if(IsEmpty(<SelectedValues>), UnfilterFrame(<SelectedColumn>), SetFrameFilter(<SelectedColumn>==<SelectedValues>));","options":{},"refresh":false,"disabled":false,"panel":""}]}},"comments":{},"position":{},"filters":[],"order":[],"cbv":[]}],"tasks":{"tasks":[{"type":"basic","task":{"taskType":"basic","id":"task1","numCollected":500,"internalOffset":0,"taskOptions":"{\"options\":{\"0\":{\"layout\":\"Grid\",\"alignment\":{\"label\":[\"Date\",\"Measure\",\"PNW_FULL_TRENDS\",\"Site\",\"Source\",\"Title\",\"Value\"]}}},\"ornament\":false}","qs":{"qsType":"FRAME","frameName":"FRAME395227","isDistinct":true,"overrideImplicit":false,"limit":500,"offset":0,"relations":"[]","selectors":[{"type":"COLUMN","content":{"table":"FRAME395227","column":"Date","alias":"Date","tableAlias":null}},{"type":"COLUMN","content":{"table":"FRAME395227","column":"Measure","alias":"Measure","tableAlias":null}},{"type":"COLUMN","content":{"table":"FRAME395227","column":"PNW_FULL_TRENDS","alias":"PNW_FULL_TRENDS","tableAlias":null}},{"type":"COLUMN","content":{"table":"FRAME395227","column":"Site","alias":"Site","tableAlias":null}},{"type":"COLUMN","content":{"table":"FRAME395227","column":"Source","alias":"Source","tableAlias":null}},{"type":"COLUMN","content":{"table":"FRAME395227","column":"Title","alias":"Title","tableAlias":null}},{"type":"COLUMN","content":{"table":"FRAME395227","column":"Value","alias":"Value","tableAlias":null}}]}}},{"type":"basic","task":{"taskType":"basic","id":"task3","numCollected":500,"internalOffset":0,"taskOptions":"{\"options\":{\"0\":{\"layout\":\"Line\",\"alignment\":{\"tooltip\":[],\"label\":[\"Date\"],\"value\":[\"Total_Closed\",\"Total_Created\",\"Total_Open\"],\"facet\":[]}}},\"ornament\":false}","qs":{"qsType":"FRAME","frameName":"FRAME959668","isDistinct":true,"overrideImplicit":false,"limit":500,"offset":0,"relations":"[]","groups":["{\"column\":\"PRIM_KEY_PLACEHOLDER\",\"table\":\"Date\",\"alias\":\"\"}"],"selectors":[{"type":"COLUMN","content":{"table":"Date","column":"PRIM_KEY_PLACEHOLDER","alias":"Date","tableAlias":null}},{"type":"FUNCTION","content":{"alias":"Total_Closed","function":"sum","distinct":false,"colCast":"","innerSelectors":[{"type":"COLUMN","content":{"table":"Total_Closed","column":"PRIM_KEY_PLACEHOLDER","alias":"Total_Closed","tableAlias":null}}]}},{"type":"FUNCTION","content":{"alias":"Total_Created","function":"sum","distinct":false,"colCast":"","innerSelectors":[{"type":"COLUMN","content":{"table":"Total_Created","column":"PRIM_KEY_PLACEHOLDER","alias":"Total_Created","tableAlias":null}}]}},{"type":"FUNCTION","content":{"alias":"Total_Open","function":"sum","distinct":false,"colCast":"","innerSelectors":[{"type":"COLUMN","content":{"table":"Total_Open","column":"PRIM_KEY_PLACEHOLDER","alias":"Total_Open","tableAlias":null}}]}}]}}},{"type":"basic","task":{"taskType":"basic","id":"task5","numCollected":500,"internalOffset":0,"taskOptions":"{\"options\":{\"0\":{\"layout\":\"Line\",\"groupByInfo\":{\"uniqueInstances\":[\"Bremerton\",\"Fairchild\",\"Madigan\",\"Oak_Harbor\"],\"viewType\":\"Individual Instance\",\"selectedDim\":\"Site\",\"instanceIndex\":\"0\"},\"alignment\":{\"tooltip\":[],\"label\":[\"Date\"],\"value\":[\"Total_Closed\",\"Total_Created\",\"Total_Open\"],\"facet\":[\"Site\"]}}},\"ornament\":false}","qs":{"qsType":"FRAME","frameName":"FRAME959668","isDistinct":true,"overrideImplicit":false,"limit":500,"offset":0,"relations":"[]","groups":["{\"column\":\"PRIM_KEY_PLACEHOLDER\",\"table\":\"Date\",\"alias\":\"\"}","{\"column\":\"PRIM_KEY_PLACEHOLDER\",\"table\":\"Site\",\"alias\":\"\"}"],"selectors":[{"type":"COLUMN","content":{"table":"Date","column":"PRIM_KEY_PLACEHOLDER","alias":"Date","tableAlias":null}},{"type":"FUNCTION","content":{"alias":"Total_Closed","function":"sum","distinct":false,"colCast":"","innerSelectors":[{"type":"COLUMN","content":{"table":"Total_Closed","column":"PRIM_KEY_PLACEHOLDER","alias":"Total_Closed","tableAlias":null}}]}},{"type":"FUNCTION","content":{"alias":"Total_Created","function":"sum","distinct":false,"colCast":"","innerSelectors":[{"type":"COLUMN","content":{"table":"Total_Created","column":"PRIM_KEY_PLACEHOLDER","alias":"Total_Created","tableAlias":null}}]}},{"type":"FUNCTION","content":{"alias":"Total_Open","function":"sum","distinct":false,"colCast":"","innerSelectors":[{"type":"COLUMN","content":{"table":"Total_Open","column":"PRIM_KEY_PLACEHOLDER","alias":"Total_Open","tableAlias":null}}]}},{"type":"COLUMN","content":{"table":"Site","column":"PRIM_KEY_PLACEHOLDER","alias":"Site","tableAlias":null}}],"explicitFilters":["SIMPLE",{"left":{"pixelType":"COLUMN","class":"prerna.query.querystruct.selectors.QueryColumnSelector","value":[{"type":"COLUMN","content":{"table":"Site","column":"PRIM_KEY_PLACEHOLDER","alias":"Site","tableAlias":null}}],"opType":["OPERATION"]},"comparator":"==","right":{"pixelType":"CONST_STRING","class":"java.lang.String","value":["Bremerton"],"opType":["OPERATION"]}}]}}},{"type":"basic","task":{"taskType":"basic","id":"task7","numCollected":500,"internalOffset":0,"taskOptions":"{\"options\":{\"0\":{\"layout\":\"Line\",\"groupByInfo\":{\"uniqueInstances\":[\"Bremerton\",\"Fairchild\",\"Madigan\",\"Oak_Harbor\"],\"viewType\":\"Individual Instance\",\"selectedDim\":\"Site\",\"instanceIndex\":\"1\"},\"alignment\":{\"label\":[\"Date\"],\"groupBy\":[\"Site\"],\"value\":[\"Total_Closed\",\"Total_Created\",\"Total_Open\"],\"facet\":[\"Site\"]}}},\"ornament\":false}","qs":{"qsType":"FRAME","frameName":"FRAME959668","isDistinct":true,"overrideImplicit":false,"limit":500,"offset":0,"relations":"[]","groups":["{\"column\":\"PRIM_KEY_PLACEHOLDER\",\"table\":\"Date\",\"alias\":\"\"}","{\"column\":\"PRIM_KEY_PLACEHOLDER\",\"table\":\"Site\",\"alias\":\"\"}"],"selectors":[{"type":"COLUMN","content":{"table":"Date","column":"PRIM_KEY_PLACEHOLDER","alias":"Date","tableAlias":null}},{"type":"FUNCTION","content":{"alias":"Total_Closed","function":"sum","distinct":false,"colCast":"","innerSelectors":[{"type":"COLUMN","content":{"table":"Total_Closed","column":"PRIM_KEY_PLACEHOLDER","alias":"Total_Closed","tableAlias":null}}]}},{"type":"FUNCTION","content":{"alias":"Total_Created","function":"sum","distinct":false,"colCast":"","innerSelectors":[{"type":"COLUMN","content":{"table":"Total_Created","column":"PRIM_KEY_PLACEHOLDER","alias":"Total_Created","tableAlias":null}}]}},{"type":"FUNCTION","content":{"alias":"Total_Open","function":"sum","distinct":false,"colCast":"","innerSelectors":[{"type":"COLUMN","content":{"table":"Total_Open","column":"PRIM_KEY_PLACEHOLDER","alias":"Total_Open","tableAlias":null}}]}},{"type":"COLUMN","content":{"table":"Site","column":"PRIM_KEY_PLACEHOLDER","alias":"Site","tableAlias":null}}],"explicitFilters":["SIMPLE",{"left":{"pixelType":"COLUMN","class":"prerna.query.querystruct.selectors.QueryColumnSelector","value":[{"type":"COLUMN","content":{"table":"Site","column":"PRIM_KEY_PLACEHOLDER","alias":"Site","tableAlias":null}}],"opType":["OPERATION"]},"comparator":"==","right":{"pixelType":"CONST_STRING","class":"java.lang.String","value":["Fairchild"],"opType":["OPERATION"]}}]}}},{"type":"basic","task":{"taskType":"basic","id":"task9","numCollected":500,"internalOffset":0,"taskOptions":"{\"options\":{\"0\":{\"layout\":\"Line\",\"groupByInfo\":{\"uniqueInstances\":[\"Bremerton\",\"Fairchild\",\"Madigan\",\"Oak_Harbor\"],\"viewType\":\"Individual Instance\",\"selectedDim\":\"Site\",\"instanceIndex\":\"2\"},\"alignment\":{\"label\":[\"Date\"],\"groupBy\":[\"Site\"],\"value\":[\"Total_Closed\",\"Total_Created\",\"Total_Open\"],\"facet\":[\"Site\"]}}},\"ornament\":false}","qs":{"qsType":"FRAME","frameName":"FRAME959668","isDistinct":true,"overrideImplicit":false,"limit":500,"offset":0,"relations":"[]","groups":["{\"column\":\"PRIM_KEY_PLACEHOLDER\",\"table\":\"Date\",\"alias\":\"\"}","{\"column\":\"PRIM_KEY_PLACEHOLDER\",\"table\":\"Site\",\"alias\":\"\"}"],"selectors":[{"type":"COLUMN","content":{"table":"Date","column":"PRIM_KEY_PLACEHOLDER","alias":"Date","tableAlias":null}},{"type":"FUNCTION","content":{"alias":"Total_Closed","function":"sum","distinct":false,"colCast":"","innerSelectors":[{"type":"COLUMN","content":{"table":"Total_Closed","column":"PRIM_KEY_PLACEHOLDER","alias":"Total_Closed","tableAlias":null}}]}},{"type":"FUNCTION","content":{"alias":"Total_Created","function":"sum","distinct":false,"colCast":"","innerSelectors":[{"type":"COLUMN","content":{"table":"Total_Created","column":"PRIM_KEY_PLACEHOLDER","alias":"Total_Created","tableAlias":null}}]}},{"type":"FUNCTION","content":{"alias":"Total_Open","function":"sum","distinct":false,"colCast":"","innerSelectors":[{"type":"COLUMN","content":{"table":"Total_Open","column":"PRIM_KEY_PLACEHOLDER","alias":"Total_Open","tableAlias":null}}]}},{"type":"COLUMN","content":{"table":"Site","column":"PRIM_KEY_PLACEHOLDER","alias":"Site","tableAlias":null}}],"explicitFilters":["SIMPLE",{"left":{"pixelType":"COLUMN","class":"prerna.query.querystruct.selectors.QueryColumnSelector","value":[{"type":"COLUMN","content":{"table":"Site","column":"PRIM_KEY_PLACEHOLDER","alias":"Site","tableAlias":null}}],"opType":["OPERATION"]},"comparator":"==","right":{"pixelType":"CONST_STRING","class":"java.lang.String","value":["Madigan"],"opType":["OPERATION"]}}]}}},{"type":"basic","task":{"taskType":"basic","id":"task11","numCollected":500,"internalOffset":0,"taskOptions":"{\"options\":{\"0\":{\"layout\":\"Line\",\"groupByInfo\":{\"uniqueInstances\":[\"Bremerton\",\"Fairchild\",\"Madigan\",\"Oak_Harbor\"],\"viewType\":\"Individual Instance\",\"selectedDim\":\"Site\",\"instanceIndex\":\"3\"},\"alignment\":{\"label\":[\"Date\"],\"groupBy\":[\"Site\"],\"value\":[\"Total_Closed\",\"Total_Created\",\"Total_Open\"],\"facet\":[\"Site\"]}}},\"ornament\":false}","qs":{"qsType":"FRAME","frameName":"FRAME959668","isDistinct":true,"overrideImplicit":false,"limit":500,"offset":0,"relations":"[]","groups":["{\"column\":\"PRIM_KEY_PLACEHOLDER\",\"table\":\"Date\",\"alias\":\"\"}","{\"column\":\"PRIM_KEY_PLACEHOLDER\",\"table\":\"Site\",\"alias\":\"\"}"],"selectors":[{"type":"COLUMN","content":{"table":"Date","column":"PRIM_KEY_PLACEHOLDER","alias":"Date","tableAlias":null}},{"type":"FUNCTION","content":{"alias":"Total_Closed","function":"sum","distinct":false,"colCast":"","innerSelectors":[{"type":"COLUMN","content":{"table":"Total_Closed","column":"PRIM_KEY_PLACEHOLDER","alias":"Total_Closed","tableAlias":null}}]}},{"type":"FUNCTION","content":{"alias":"Total_Created","function":"sum","distinct":false,"colCast":"","innerSelectors":[{"type":"COLUMN","content":{"table":"Total_Created","column":"PRIM_KEY_PLACEHOLDER","alias":"Total_Created","tableAlias":null}}]}},{"type":"FUNCTION","content":{"alias":"Total_Open","function":"sum","distinct":false,"colCast":"","innerSelectors":[{"type":"COLUMN","content":{"table":"Total_Open","column":"PRIM_KEY_PLACEHOLDER","alias":"Total_Open","tableAlias":null}}]}},{"type":"COLUMN","content":{"table":"Site","column":"PRIM_KEY_PLACEHOLDER","alias":"Site","tableAlias":null}}],"explicitFilters":["SIMPLE",{"left":{"pixelType":"COLUMN","class":"prerna.query.querystruct.selectors.QueryColumnSelector","value":[{"type":"COLUMN","content":{"table":"Site","column":"PRIM_KEY_PLACEHOLDER","alias":"Site","tableAlias":null}}],"opType":["OPERATION"]},"comparator":"==","right":{"pixelType":"CONST_STRING","class":"java.lang.String","value":["Oak_Harbor"],"opType":["OPERATION"]}}]}}},{"type":"basic","task":{"taskType":"basic","id":"task13","numCollected":500,"internalOffset":0,"taskOptions":"{\"options\":{\"0\":{\"layout\":\"Grid\",\"alignment\":{\"label\":[\"Date\",\"Total_Closed\",\"Total_Created\",\"Total_Open\",\"Site\"]}}},\"ornament\":false}","qs":{"qsType":"FRAME","frameName":"FRAME959668","isDistinct":true,"overrideImplicit":false,"limit":500,"offset":0,"relations":"[]","groups":["{\"column\":\"PRIM_KEY_PLACEHOLDER\",\"table\":\"Date\",\"alias\":\"\"}","{\"column\":\"PRIM_KEY_PLACEHOLDER\",\"table\":\"Site\",\"alias\":\"\"}"],"orders":["{\"sortDir\":\"ASC\",\"column\":\"PRIM_KEY_PLACEHOLDER\",\"table\":\"Date\",\"alias\":\"\"}"],"selectors":[{"type":"COLUMN","content":{"table":"Date","column":"PRIM_KEY_PLACEHOLDER","alias":"Date","tableAlias":null}},{"type":"FUNCTION","content":{"alias":"Total_Closed","function":"sum","distinct":false,"colCast":"","innerSelectors":[{"type":"COLUMN","content":{"table":"Total_Closed","column":"PRIM_KEY_PLACEHOLDER","alias":"Total_Closed","tableAlias":null}}]}},{"type":"FUNCTION","content":{"alias":"Total_Created","function":"sum","distinct":false,"colCast":"","innerSelectors":[{"type":"COLUMN","content":{"table":"Total_Created","column":"PRIM_KEY_PLACEHOLDER","alias":"Total_Created","tableAlias":null}}]}},{"type":"FUNCTION","content":{"alias":"Total_Open","function":"sum","distinct":false,"colCast":"","innerSelectors":[{"type":"COLUMN","content":{"table":"Total_Open","column":"PRIM_KEY_PLACEHOLDER","alias":"Total_Open","tableAlias":null}}]}},{"type":"COLUMN","content":{"table":"Site","column":"PRIM_KEY_PLACEHOLDER","alias":"Site","tableAlias":null}}]}}},{"type":"basic","task":{"taskType":"basic","id":"task15","numCollected":500,"internalOffset":0,"taskOptions":"{\"options\":{\"0\":{\"layout\":\"Line\",\"alignment\":{\"series\":[],\"tooltip\":[],\"label\":[\"Date\"],\"value\":[\"SumofTotal_Closed\",\"SumofTotal_Created\",\"SumofTotal_Open\",\"AverageofSite\"]}}},\"ornament\":false}","qs":{"qsType":"FRAME","frameName":"FRAME959668","isDistinct":true,"overrideImplicit":false,"limit":500,"offset":0,"relations":"[]","groups":["{\"column\":\"PRIM_KEY_PLACEHOLDER\",\"table\":\"Date\",\"alias\":\"\"}"],"orders":["{\"sortDir\":\"ASC\",\"column\":\"PRIM_KEY_PLACEHOLDER\",\"table\":\"Date\",\"alias\":\"\"}"],"selectors":[{"type":"COLUMN","content":{"table":"Date","column":"PRIM_KEY_PLACEHOLDER","alias":"Date","tableAlias":null}},{"type":"FUNCTION","content":{"alias":"SumofTotal_Closed","function":"sum","distinct":false,"colCast":"","innerSelectors":[{"type":"COLUMN","content":{"table":"Total_Closed","column":"PRIM_KEY_PLACEHOLDER","alias":"Total_Closed","tableAlias":null}}]}},{"type":"FUNCTION","content":{"alias":"SumofTotal_Created","function":"sum","distinct":false,"colCast":"","innerSelectors":[{"type":"COLUMN","content":{"table":"Total_Created","column":"PRIM_KEY_PLACEHOLDER","alias":"Total_Created","tableAlias":null}}]}},{"type":"FUNCTION","content":{"alias":"SumofTotal_Open","function":"sum","distinct":false,"colCast":"","innerSelectors":[{"type":"COLUMN","content":{"table":"Total_Open","column":"PRIM_KEY_PLACEHOLDER","alias":"Total_Open","tableAlias":null}}]}},{"type":"FUNCTION","content":{"alias":"AverageofSite","function":"mean","distinct":false,"colCast":"","innerSelectors":[{"type":"COLUMN","content":{"table":"Site","column":"PRIM_KEY_PLACEHOLDER","alias":"Site","tableAlias":null}}]}}]}}},{"type":"basic","task":{"taskType":"basic","id":"task17","numCollected":500,"internalOffset":0,"taskOptions":"{\"options\":{\"0\":{\"layout\":\"Grid\",\"alignment\":{\"label\":[\"Date\",\"Measure\",\"PNW_FULL_TRENDS\",\"Site\",\"Source\",\"Title\",\"Value\"]}}},\"ornament\":false}","qs":{"qsType":"FRAME","frameName":"FRAME959668","isDistinct":true,"overrideImplicit":false,"limit":500,"offset":0,"relations":"[]","selectors":[{"type":"COLUMN","content":{"table":"Date","column":"PRIM_KEY_PLACEHOLDER","alias":"Date","tableAlias":null}},{"type":"COLUMN","content":{"table":"Measure","column":"PRIM_KEY_PLACEHOLDER","alias":"Measure","tableAlias":null}},{"type":"COLUMN","content":{"table":"PNW_FULL_TRENDS","column":"PRIM_KEY_PLACEHOLDER","alias":"PNW_FULL_TRENDS","tableAlias":null}},{"type":"COLUMN","content":{"table":"Site","column":"PRIM_KEY_PLACEHOLDER","alias":"Site","tableAlias":null}},{"type":"COLUMN","content":{"table":"Source","column":"PRIM_KEY_PLACEHOLDER","alias":"Source","tableAlias":null}},{"type":"COLUMN","content":{"table":"Title","column":"PRIM_KEY_PLACEHOLDER","alias":"Title","tableAlias":null}},{"type":"COLUMN","content":{"table":"Value","column":"PRIM_KEY_PLACEHOLDER","alias":"Value","tableAlias":null}}]}}},{"type":"basic","task":{"taskType":"basic","id":"task19","numCollected":500,"internalOffset":0,"taskOptions":"{\"options\":{\"0\":{\"layout\":\"Line\",\"alignment\":{\"tooltip\":[],\"label\":[\"Date\"],\"value\":[\"Total_Closed\",\"Total_Created\",\"Total_Open\"],\"facet\":[]}}},\"ornament\":false}","qs":{"qsType":"FRAME","frameName":"FRAME959668","isDistinct":true,"overrideImplicit":false,"limit":500,"offset":0,"relations":"[]","groups":["{\"column\":\"PRIM_KEY_PLACEHOLDER\",\"table\":\"Date\",\"alias\":\"\"}"],"selectors":[{"type":"COLUMN","content":{"table":"Date","column":"PRIM_KEY_PLACEHOLDER","alias":"Date","tableAlias":null}},{"type":"FUNCTION","content":{"alias":"Total_Closed","function":"sum","distinct":false,"colCast":"","innerSelectors":[{"type":"COLUMN","content":{"table":"Total_Closed","column":"PRIM_KEY_PLACEHOLDER","alias":"Total_Closed","tableAlias":null}}]}},{"type":"FUNCTION","content":{"alias":"Total_Created","function":"sum","distinct":false,"colCast":"","innerSelectors":[{"type":"COLUMN","content":{"table":"Total_Created","column":"PRIM_KEY_PLACEHOLDER","alias":"Total_Created","tableAlias":null}}]}},{"type":"FUNCTION","content":{"alias":"Total_Open","function":"sum","distinct":false,"colCast":"","innerSelectors":[{"type":"COLUMN","content":{"table":"Total_Open","column":"PRIM_KEY_PLACEHOLDER","alias":"Total_Open","tableAlias":null}}]}}]}}},{"type":"basic","task":{"taskType":"basic","id":"task21","numCollected":500,"internalOffset":0,"taskOptions":"{\"options\":{\"0\":{\"layout\":\"Line\",\"groupByInfo\":{\"uniqueInstances\":[\"Bremerton\",\"Fairchild\",\"Madigan\",\"Oak_Harbor\"],\"viewType\":\"Individual Instance\",\"selectedDim\":\"Site\",\"instanceIndex\":\"0\"},\"alignment\":{\"tooltip\":[],\"label\":[\"Date\"],\"value\":[\"Total_Closed\",\"Total_Created\",\"Total_Open\"],\"facet\":[\"Site\"]}}},\"ornament\":false}","qs":{"qsType":"FRAME","frameName":"FRAME959668","isDistinct":true,"overrideImplicit":false,"limit":500,"offset":0,"relations":"[]","groups":["{\"column\":\"PRIM_KEY_PLACEHOLDER\",\"table\":\"Date\",\"alias\":\"\"}","{\"column\":\"PRIM_KEY_PLACEHOLDER\",\"table\":\"Site\",\"alias\":\"\"}"],"selectors":[{"type":"COLUMN","content":{"table":"Date","column":"PRIM_KEY_PLACEHOLDER","alias":"Date","tableAlias":null}},{"type":"FUNCTION","content":{"alias":"Total_Closed","function":"sum","distinct":false,"colCast":"","innerSelectors":[{"type":"COLUMN","content":{"table":"Total_Closed","column":"PRIM_KEY_PLACEHOLDER","alias":"Total_Closed","tableAlias":null}}]}},{"type":"FUNCTION","content":{"alias":"Total_Created","function":"sum","distinct":false,"colCast":"","innerSelectors":[{"type":"COLUMN","content":{"table":"Total_Created","column":"PRIM_KEY_PLACEHOLDER","alias":"Total_Created","tableAlias":null}}]}},{"type":"FUNCTION","content":{"alias":"Total_Open","function":"sum","distinct":false,"colCast":"","innerSelectors":[{"type":"COLUMN","content":{"table":"Total_Open","column":"PRIM_KEY_PLACEHOLDER","alias":"Total_Open","tableAlias":null}}]}},{"type":"COLUMN","content":{"table":"Site","column":"PRIM_KEY_PLACEHOLDER","alias":"Site","tableAlias":null}}],"explicitFilters":["SIMPLE",{"left":{"pixelType":"COLUMN","class":"prerna.query.querystruct.selectors.QueryColumnSelector","value":[{"type":"COLUMN","content":{"table":"Site","column":"PRIM_KEY_PLACEHOLDER","alias":"Site","tableAlias":null}}],"opType":["OPERATION"]},"comparator":"==","right":{"pixelType":"CONST_STRING","class":"java.lang.String","value":["Bremerton"],"opType":["OPERATION"]}}]}}}],"taskCounter":22},"recipe":["AddPanel ( 0 ) ;","Panel ( 0 ) | AddPanelConfig ( config = [ { \"config\" : { \"type\" : \"STANDARD\" , \"opacity\" : 100 } } ] ) ;","Panel ( 0 ) | AddPanelEvents ( { \"onSingleClick\" : { \"Unfilter\" : [ { \"panel\" : \"\" , \"query\" : \"<encode>UnfilterFrame(<SelectedColumn>);</encode>\" , \"options\" : { } , \"refresh\" : false , \"default\" : true , \"disabledVisuals\" : [ \"Grid\" , \"Sunburst\" ] , \"disabled\" : false } ] } , \"onBrush\" : { \"Filter\" : [ { \"panel\" : \"\" , \"query\" : \"<encode>if(IsEmpty(<SelectedValues>), UnfilterFrame(<SelectedColumn>), SetFrameFilter(<SelectedColumn>==<SelectedValues>));</encode>\" , \"options\" : { } , \"refresh\" : false , \"default\" : true , \"disabled\" : false } ] } } ) ;","Panel ( 0 ) | RetrievePanelEvents ( ) ;","Panel ( 0 ) | SetPanelView ( \"visualization\" , \"<encode>{\"type\":\"echarts\"}</encode>\" ) ;","Panel ( 0 ) | SetPanelView ( \"federate-view\" , \"<encode>{\"app_id\":\"04c07c50-1831-4b57-a997-cf1a29c1cf53\"}</encode>\" ) ;","CreateFrame ( frameType = [ GRID ] , override = [ true ] ) .as ( [ 'FRAME395227' ] ) ;","Database ( database = [ \"04c07c50-1831-4b57-a997-cf1a29c1cf53\" ] ) | Select ( PNW_FULL_TRENDS , PNW_FULL_TRENDS__Date , PNW_FULL_TRENDS__Measure , PNW_FULL_TRENDS__Site , PNW_FULL_TRENDS__Source , PNW_FULL_TRENDS__Title , PNW_FULL_TRENDS__Value ) .as ( [ PNW_FULL_TRENDS , Date , Measure , Site , Source , Title , Value ] ) | Filter ( PNW_FULL_TRENDS__Title == [ \"Critical_Incident_tickets_closed\" , \"Critical_Incident_tickets_created\" , \"Critical_Incident_tickets_opened\" ] ) | Import ( frame = [ FRAME395227 ] ) ;","Panel ( 0 ) | SetPanelView ( \"visualization\" ) ;","Frame ( frame = [ FRAME395227 ] ) | QueryAll ( ) | AutoTaskOptions ( panel = [ \"0\" ] , layout = [ \"Grid\" ] ) | Collect ( 500 ) ;","CreateFrame ( frameType = [ R ] , override = [ true ] ) .as ( [ 'FRAME959668' ] ) ;","Database ( database = [ \"04c07c50-1831-4b57-a997-cf1a29c1cf53\" ] ) | Select ( PNW_FULL_TRENDS , PNW_FULL_TRENDS__Date , PNW_FULL_TRENDS__Measure , PNW_FULL_TRENDS__Site , PNW_FULL_TRENDS__Source , PNW_FULL_TRENDS__Title , PNW_FULL_TRENDS__Value ) .as ( [ PNW_FULL_TRENDS , Date , Measure , Site , Source , Title , Value ] ) | Filter ( PNW_FULL_TRENDS__Title == [ \"Critical_Incident_tickets_closed\" , \"Critical_Incident_tickets_created\" , \"Critical_Incident_tickets_opened\" ] ) | Import ( frame = [ FRAME959668 ] ) ;","Panel ( 0 ) | SetPanelView ( \"visualization\" ) ;","##Frame ( frame = [ FRAME959668 ] ) | QueryAll ( ) | AutoTaskOptions ( panel = [ \"0\" ] , layout = [ \"Grid\" ] ) | Collect ( 500 ) ;##","CountIf ( column = [ Title ] , regex = [ \"Critical_Incident_tickets_created:_Created_Today\" ] , newCol = [ \"Count_of_Created\" ] ) ;","CountIf ( column = [ Title ] , regex = [ \"Critical_Incident_tickets_closed:_Closed_Today\" ] , newCol = [ \"Count_of_Closed\" ] ) ;","CountIf ( column = [ Title ] , regex = [ \"Critical_Incident_tickets_opened:_Open\" ] , newCol = [ \"Count_of_Open\" ] ) ;","Select ( ( Value * Count_of_Created ) , Value , Count_of_Created ) .as ( [ Total_Created , Value , Count_of_Created ] ) | Merge ( joins = [ ( Value , inner.join , Value ) , ( Count_of_Created , inner.join , Count_of_Created ) ] ) ;","Select ( ( Value * Count_of_Closed ) , Value , Count_of_Closed ) .as ( [ Total_Closed , Value , Count_of_Closed ] ) | Merge ( joins = [ ( Value , inner.join , Value ) , ( Count_of_Closed , inner.join , Count_of_Closed ) ] ) ;","Select ( ( Value * Count_of_Open ) , Value , Count_of_Open ) .as ( [ Total_Open , Value , Count_of_Open ] ) | Merge ( joins = [ ( Value , inner.join , Value ) , ( Count_of_Open , inner.join , Count_of_Open ) ] ) ;","if ( ( HasDuplicates ( Date ) ) , ( Select ( Date , Sum ( Total_Closed ) , Sum ( Total_Created ) , Sum ( Total_Open ) ) .as ( [ Date , Total_Closed , Total_Created , Total_Open ] ) | Group ( Date ) | With ( Panel ( 0 ) ) | Format ( type = [ 'table' ] ) | TaskOptions ( { \"0\" : { \"layout\" : \"Line\" , \"alignment\" : { \"label\" : [ \"Date\" ] , \"value\" : [ \"Total_Closed\" , \"Total_Created\" , \"Total_Open\" ] , \"tooltip\" : [ ] , \"facet\" : [ ] } } } ) | Collect ( 500 ) ) , ( Select ( Date , Total_Closed , Total_Created , Total_Open ) .as ( [ Date , Total_Closed , Total_Created , Total_Open ] ) | With ( Panel ( 0 ) ) | Format ( type = [ 'table' ] ) | TaskOptions ( { \"0\" : { \"layout\" : \"Line\" , \"alignment\" : { \"label\" : [ \"Date\" ] , \"value\" : [ \"Total_Closed\" , \"Total_Created\" , \"Total_Open\" ] , \"tooltip\" : [ ] , \"facet\" : [ ] } } } ) | Collect ( 500 ) ) ) ;","Panel ( 0 ) | AddPanelOrnaments ( { \"tools\" : { \"shared\" : { \"toggleLegend\" : true } } } ) ;","Panel ( 0 ) | RetrievePanelOrnaments ( \"tools.shared.toggleLegend\" ) ;","Panel ( 0 ) | AddPanelOrnaments ( { \"tools\" : { \"shared\" : { \"lineStyle\" : { \"type\" : \"solid\" , \"width\" : \"2\" } } } } ) ;","Panel ( 0 ) | AddPanelOrnaments ( { \"tools\" : { \"shared\" : { \"toggleZoomX\" : true } } } ) ;","Panel ( 0 ) | AddPanelOrnaments ( { \"tools\" : { \"shared\" : { \"colorName\" : \"Four\" , \"color\" : { \"Total Closed\" : \"#184D68\" , \"Total Created\" : \"#7CA343\" , \"Total Open\" : \"#F9651B\" } , \"backgroundColor\" : \"#FFFFFF\" } } } ) ;","Panel ( 0 ) | RetrievePanelOrnaments ( \"tools\" ) ;","Frame ( ) | Select ( Date , Sum ( Total_Closed ) , Sum ( Total_Created ) , Sum ( Total_Open ) , Site ) .as ( [ Date , Total_Closed , Total_Created , Total_Open , Site ] ) | Filter ( Site == \"Bremerton\" ) | Group ( Date , Site ) | With ( Panel ( 0 ) ) | Format ( type = [ 'table' ] ) | TaskOptions ( { \"0\" : { \"layout\" : \"Line\" , \"alignment\" : { \"label\" : [ \"Date\" ] , \"value\" : [ \"Total_Closed\" , \"Total_Created\" , \"Total_Open\" ] , \"tooltip\" : [ ] , \"facet\" : [ \"Site\" ] } , \"groupByInfo\" : { \"selectedDim\" : \"Site\" , \"viewType\" : \"Individual Instance\" , \"instanceIndex\" : \"0\" , \"uniqueInstances\" : [ \"Bremerton\" , \"Fairchild\" , \"Madigan\" , \"Oak_Harbor\" ] } } } ) | Collect ( 500 ) ;","Panel ( 0 ) | SetPanelLabel ( \"Ticket Trends\" ) ;","Frame ( ) | Select ( Date , Sum ( Total_Closed ) , Sum ( Total_Created ) , Sum ( Total_Open ) , Site ) .as ( [ Date , Total_Closed , Total_Created , Total_Open , Site ] ) | Group ( Date , Site ) | Filter ( Site == \"Fairchild\" ) | With ( Panel ( 0 ) ) | Format ( type = [ 'table' ] ) | TaskOptions ( { \"0\" : { \"layout\" : \"Line\" , \"alignment\" : { \"label\" : [ \"Date\" ] , \"value\" : [ \"Total_Closed\" , \"Total_Created\" , \"Total_Open\" ] , \"facet\" : [ \"Site\" ] , \"groupBy\" : [ \"Site\" ] } , \"groupByInfo\" : { \"selectedDim\" : \"Site\" , \"viewType\" : \"Individual Instance\" , \"instanceIndex\" : \"1\" , \"uniqueInstances\" : [ \"Bremerton\" , \"Fairchild\" , \"Madigan\" , \"Oak_Harbor\" ] } } } ) | Collect ( 500 ) ;","Frame ( ) | Select ( Date , Sum ( Total_Closed ) , Sum ( Total_Created ) , Sum ( Total_Open ) , Site ) .as ( [ Date , Total_Closed , Total_Created , Total_Open , Site ] ) | Group ( Date , Site ) | Filter ( Site == \"Madigan\" ) | With ( Panel ( 0 ) ) | Format ( type = [ 'table' ] ) | TaskOptions ( { \"0\" : { \"layout\" : \"Line\" , \"alignment\" : { \"label\" : [ \"Date\" ] , \"value\" : [ \"Total_Closed\" , \"Total_Created\" , \"Total_Open\" ] , \"groupBy\" : [ \"Site\" ] , \"facet\" : [ \"Site\" ] } , \"groupByInfo\" : { \"selectedDim\" : \"Site\" , \"viewType\" : \"Individual Instance\" , \"instanceIndex\" : \"2\" , \"uniqueInstances\" : [ \"Bremerton\" , \"Fairchild\" , \"Madigan\" , \"Oak_Harbor\" ] } } } ) | Collect ( 500 ) ;","Frame ( ) | Select ( Date , Sum ( Total_Closed ) , Sum ( Total_Created ) , Sum ( Total_Open ) , Site ) .as ( [ Date , Total_Closed , Total_Created , Total_Open , Site ] ) | Group ( Date , Site ) | Filter ( Site == \"Oak_Harbor\" ) | With ( Panel ( 0 ) ) | Format ( type = [ 'table' ] ) | TaskOptions ( { \"0\" : { \"layout\" : \"Line\" , \"alignment\" : { \"label\" : [ \"Date\" ] , \"value\" : [ \"Total_Closed\" , \"Total_Created\" , \"Total_Open\" ] , \"groupBy\" : [ \"Site\" ] , \"facet\" : [ \"Site\" ] } , \"groupByInfo\" : { \"selectedDim\" : \"Site\" , \"viewType\" : \"Individual Instance\" , \"instanceIndex\" : \"3\" , \"uniqueInstances\" : [ \"Bremerton\" , \"Fairchild\" , \"Madigan\" , \"Oak_Harbor\" ] } } } ) | Collect ( 500 ) ;","CreateFrame ( frameType = [ R ] , override = [ true ] ) .as ( [ 'FRAME959668' ] ) ;","Database ( database = [ \"04c07c50-1831-4b57-a997-cf1a29c1cf53\" ] ) | Select ( PNW_FULL_TRENDS , PNW_FULL_TRENDS__Date , PNW_FULL_TRENDS__Measure , PNW_FULL_TRENDS__Site , PNW_FULL_TRENDS__Source , PNW_FULL_TRENDS__Title , PNW_FULL_TRENDS__Value ) .as ( [ PNW_FULL_TRENDS , Date , Measure , Site , Source , Title , Value ] ) | Filter ( PNW_FULL_TRENDS__Title == [ \"Critical_Incident_tickets_closed\" , \"Critical_Incident_tickets_created\" , \"Critical_Incident_tickets_opened\" ] ) | Import ( frame = [ FRAME959668 ] ) ;","Panel ( 0 ) | SetPanelView ( \"visualization\" , \"<encode>{\"type\":\"standard\"}</encode>\" ) ;","Frame ( ) | Select ( Date , Sum ( Total_Closed ) , Sum ( Total_Created ) , Sum ( Total_Open ) , Site ) .as ( [ Date , Total_Closed , Total_Created , Total_Open , Site ] ) | Group ( Date , Site ) | With ( Panel ( 0 ) ) | Format ( type = [ 'table' ] ) | TaskOptions ( { \"0\" : { \"layout\" : \"Grid\" , \"alignment\" : { \"label\" : [ \"Date\" , \"Total_Closed\" , \"Total_Created\" , \"Total_Open\" , \"Site\" ] } } } ) | Collect ( 500 ) ;","if ( ( HasDuplicates ( Date ) ) , ( Frame ( ) | Select ( Date , Sum ( Total_Closed ) , Sum ( Total_Created ) , Sum ( Total_Open ) , Average ( Site ) ) .as ( [ Date , SumofTotal_Closed , SumofTotal_Created , SumofTotal_Open , AverageofSite ] ) | Group ( Date ) | With ( Panel ( 0 ) ) | Format ( type = [ 'table' ] ) | TaskOptions ( { \"0\" : { \"layout\" : \"Line\" , \"alignment\" : { \"label\" : [ \"Date\" ] , \"value\" : [ \"SumofTotal_Closed\" , \"SumofTotal_Created\" , \"SumofTotal_Open\" , \"AverageofSite\" ] , \"series\" : [ ] , \"tooltip\" : [ ] } } } ) | Collect ( 500 ) ) , ( Frame ( ) | Select ( Date , Count ( Total_Closed ) , Count ( Total_Created ) , Sum ( Total_Open ) , Site ) .as ( [ Date , CountofTotal_Closed , CountofTotal_Created , Total_Open , Site ] ) | Group ( Date ) | With ( Panel ( 0 ) ) | Format ( type = [ 'table' ] ) | TaskOptions ( { \"0\" : { \"layout\" : \"Line\" , \"alignment\" : { \"label\" : [ \"Date\" ] , \"value\" : [ \"CountofTotal_Closed\" , \"CountofTotal_Created\" , \"Total_Open\" , \"Site\" ] , \"series\" : [ ] , \"tooltip\" : [ ] } } } ) | Collect ( 500 ) ) ) ;","Frame ( ) | Select ( Date , Measure , PNW_FULL_TRENDS , Site , Source , Title , Value ) .as ( [ Date , Measure , PNW_FULL_TRENDS , Site , Source , Title , Value ] ) | With ( Panel ( 0 ) ) | Format ( type = [ 'table' ] ) | TaskOptions ( { \"0\" : { \"layout\" : \"Grid\" , \"alignment\" : { \"label\" : [ \"Date\" , \"Measure\" , \"PNW_FULL_TRENDS\" , \"Site\" , \"Source\" , \"Title\" , \"Value\" ] } } } ) | Collect ( 500 ) ;","CreateFrame ( frameType = [ R ] , override = [ true ] ) .as ( [ 'FRAME959668' ] ) ;","Database ( database = [ \"04c07c50-1831-4b57-a997-cf1a29c1cf53\" ] ) | Select ( PNW_FULL_TRENDS , PNW_FULL_TRENDS__Date , PNW_FULL_TRENDS__Measure , PNW_FULL_TRENDS__Site , PNW_FULL_TRENDS__Source , PNW_FULL_TRENDS__Title , PNW_FULL_TRENDS__Value ) .as ( [ PNW_FULL_TRENDS , Date , Measure , Site , Source , Title , Value ] ) | Filter ( PNW_FULL_TRENDS__Title == [ \"Critical_Incident_tickets_closed\" , \"Critical_Incident_tickets_created\" , \"Critical_Incident_tickets_opened\" ] ) | Import ( frame = [ FRAME959668 ] ) ;","Panel ( 0 ) | SetPanelView ( \"visualization\" ) ;","##Frame ( frame = [ FRAME959668 ] ) | QueryAll ( ) | AutoTaskOptions ( panel = [ \"0\" ] , layout = [ \"Grid\" ] ) | Collect ( 500 ) ;##","CountIf ( column = [ Title ] , regex = [ \"Critical_Incident_tickets_created\" ] , newCol = [ \"Count_of_Created\" ] ) ;","CountIf ( column = [ Title ] , regex = [ \"Critical_Incident_tickets_closed\" ] , newCol = [ \"Count_of_Closed\" ] ) ;","CountIf ( column = [ Title ] , regex = [ \"Critical_Incident_tickets_opened\" ] , newCol = [ \"Count_of_Open\" ] ) ;","Select ( ( Value * Count_of_Created ) , Value , Count_of_Created ) .as ( [ Total_Created , Value , Count_of_Created ] ) | Merge ( joins = [ ( Value , inner.join , Value ) , ( Count_of_Created , inner.join , Count_of_Created ) ] ) ;","Select ( ( Value * Count_of_Closed ) , Value , Count_of_Closed ) .as ( [ Total_Closed , Value , Count_of_Closed ] ) | Merge ( joins = [ ( Value , inner.join , Value ) , ( Count_of_Closed , inner.join , Count_of_Closed ) ] ) ;","Select ( ( Value * Count_of_Open ) , Value , Count_of_Open ) .as ( [ Total_Open , Value , Count_of_Open ] ) | Merge ( joins = [ ( Value , inner.join , Value ) , ( Count_of_Open , inner.join , Count_of_Open ) ] ) ;","Panel ( 0 ) | SetPanelView ( \"visualization\" , \"<encode>{\"type\":\"echarts\"}</encode>\" ) ;","Panel ( 0 ) | SetPanelView ( \"visualization\" , \"<encode>{\"type\":\"echarts\"}</encode>\" ) ;","if ( ( HasDuplicates ( Date ) ) , ( Select ( Date , Sum ( Total_Closed ) , Sum ( Total_Created ) , Sum ( Total_Open ) ) .as ( [ Date , Total_Closed , Total_Created , Total_Open ] ) | Group ( Date ) | With ( Panel ( 0 ) ) | Format ( type = [ 'table' ] ) | TaskOptions ( { \"0\" : { \"layout\" : \"Line\" , \"alignment\" : { \"label\" : [ \"Date\" ] , \"value\" : [ \"Total_Closed\" , \"Total_Created\" , \"Total_Open\" ] , \"tooltip\" : [ ] , \"facet\" : [ ] } } } ) | Collect ( 500 ) ) , ( Select ( Date , Total_Closed , Total_Created , Total_Open ) .as ( [ Date , Total_Closed , Total_Created , Total_Open ] ) | With ( Panel ( 0 ) ) | Format ( type = [ 'table' ] ) | TaskOptions ( { \"0\" : { \"layout\" : \"Line\" , \"alignment\" : { \"label\" : [ \"Date\" ] , \"value\" : [ \"Total_Closed\" , \"Total_Created\" , \"Total_Open\" ] , \"tooltip\" : [ ] , \"facet\" : [ ] } } } ) | Collect ( 500 ) ) ) ;","Panel ( 0 ) | AddPanelOrnaments ( { \"tools\" : { \"shared\" : { \"toggleLegend\" : true } } } ) ;","Panel ( 0 ) | RetrievePanelOrnaments ( \"tools.shared.toggleLegend\" ) ;","Panel ( 0 ) | AddPanelOrnaments ( { \"tools\" : { \"shared\" : { \"lineStyle\" : { \"type\" : \"solid\" , \"width\" : \"2\" } } } } ) ;","Panel ( 0 ) | AddPanelOrnaments ( { \"tools\" : { \"shared\" : { \"toggleZoomX\" : true } } } ) ;","Panel ( 0 ) | AddPanelOrnaments ( { \"tools\" : { \"shared\" : { \"colorName\" : \"Four\" , \"color\" : { \"Total Closed\" : \"#184D68\" , \"Total Created\" : \"#7CA343\" , \"Total Open\" : \"#F9651B\" } , \"backgroundColor\" : \"#FFFFFF\" } } } ) ;","Panel ( 0 ) | RetrievePanelOrnaments ( \"tools\" ) ;","Frame ( ) | Select ( Date , Sum ( Total_Closed ) , Sum ( Total_Created ) , Sum ( Total_Open ) , Site ) .as ( [ Date , Total_Closed , Total_Created , Total_Open , Site ] ) | Filter ( Site == \"Bremerton\" ) | Group ( Date , Site ) | With ( Panel ( 0 ) ) | Format ( type = [ 'table' ] ) | TaskOptions ( { \"0\" : { \"layout\" : \"Line\" , \"alignment\" : { \"label\" : [ \"Date\" ] , \"value\" : [ \"Total_Closed\" , \"Total_Created\" , \"Total_Open\" ] , \"tooltip\" : [ ] , \"facet\" : [ \"Site\" ] } , \"groupByInfo\" : { \"selectedDim\" : \"Site\" , \"viewType\" : \"Individual Instance\" , \"instanceIndex\" : \"0\" , \"uniqueInstances\" : [ \"Bremerton\" , \"Fairchild\" , \"Madigan\" , \"Oak_Harbor\" ] } } } ) | Collect ( 500 ) ;"]}