{"insightID":"4d874c5f-2ac4-414c-9b29-2e9d5eabf32c","pixelReturn":[{"pixelExpression":"CachedPanel ( \"0\" ) ;","isMeta":false,"output":{"panelId":"0","panelLabel":"Ticket Trends","view":"visualization","viewOptions":"{\"type\":\"echarts\"}","viewOptionsMap":{"federate-view":{"app_id":"04c07c50-1831-4b57-a997-cf1a29c1cf53"},"visualization":{"type":"echarts"}},"config":{"type":"STANDARD","opacity":100.0},"ornaments":{"tools":{"shared":{"toggleLegend":true,"colorName":"Four","backgroundColor":"#FFFFFF","lineStyle":{"width":"2","type":"solid"},"color":{"Total Closed":"#184D68","Total Created":"#7CA343","Total Open":"#F9651B"},"toggleZoomX":true}}},"events":{"onSingleClick":{"Unfilter":[{"disabledVisuals":["Grid","Sunburst"],"default":true,"query":"UnfilterFrame(<SelectedColumn>);","options":{},"refresh":false,"disabled":false,"panel":""}]},"onBrush":{"Filter":[{"default":true,"query":"if(IsEmpty(<SelectedValues>), UnfilterFrame(<SelectedColumn>), SetFrameFilter(<SelectedColumn>==<SelectedValues>));","options":{},"refresh":false,"disabled":false,"panel":""}]}},"comments":{},"position":{},"filters":[],"order":[],"cbv":[]},"operationType":["CACHED_PANEL"]},{"pixelExpression":"Frame ( ) | Select ( Date , Sum ( Total_Closed ) , Sum ( Total_Created ) , Sum ( Total_Open ) , Site ) .as ( [ Date , Total_Closed , Total_Created , Total_Open , Site ] ) | Filter ( Site == \"Bremerton\" ) | Group ( Date , Site ) | With ( Panel ( 0 ) ) | Format ( type = [ 'table' ] ) | TaskOptions ( { \"0\" : { \"layout\" : \"Line\" , \"alignment\" : { \"label\" : [ \"Date\" ] , \"value\" : [ \"Total_Closed\" , \"Total_Created\" , \"Total_Open\" ] , \"tooltip\" : [ ] , \"facet\" : [ \"Site\" ] } , \"groupByInfo\" : { \"selectedDim\" : \"Site\" , \"viewType\" : \"Individual Instance\" , \"instanceIndex\" : \"0\" , \"uniqueInstances\" : [ \"Bremerton\" , \"Fairchild\" , \"Madigan\" , \"Oak_Harbor\" ] } } } ) | Collect ( 500 ) ;","isMeta":false,"output":{"data":{"values":[["2018-01-01",9.0,10.0,0.0,"Bremerton"],["2018-01-02",8.0,12.0,6.0,"Bremerton"],["2018-01-03",0.0,0.0,11.0,"Bremerton"],["2018-01-04",0.0,0.0,0.0,"Bremerton"],["2018-01-05",0.0,6.0,0.0,"Bremerton"],["2018-01-06",1.0,0.0,17.0,"Bremerton"],["2018-01-07",0.0,0.0,7.0,"Bremerton"],["2018-01-08",15.0,8.0,0.0,"Bremerton"],["2018-01-09",11.0,15.0,9.0,"Bremerton"],["2018-01-10",0.0,20.0,15.0,"Bremerton"],["2018-01-11",1.0,0.0,17.0,"Bremerton"],["2018-01-12",0.0,0.0,0.0,"Bremerton"],["2018-01-13",17.0,0.0,0.0,"Bremerton"],["2018-01-14",12.0,0.0,14.0,"Bremerton"],["2018-01-15",2.0,15.0,0.0,"Bremerton"],["2018-01-16",1.0,0.0,0.0,"Bremerton"],["2018-01-17",14.0,11.0,0.0,"Bremerton"],["2018-01-18",0.0,10.0,8.0,"Bremerton"],["2018-01-19",19.0,0.0,15.0,"Bremerton"],["2018-01-20",11.0,0.0,8.0,"Bremerton"],["2018-01-21",16.0,12.0,0.0,"Bremerton"],["2018-01-22",18.0,0.0,0.0,"Bremerton"],["2018-01-23",6.0,3.0,9.0,"Bremerton"],["2018-01-24",18.0,0.0,0.0,"Bremerton"],["2018-01-25",0.0,0.0,3.0,"Bremerton"],["2018-01-26",12.0,15.0,0.0,"Bremerton"],["2018-01-27",8.0,6.0,4.0,"Bremerton"],["2018-01-28",1.0,18.0,12.0,"Bremerton"],["2018-01-29",15.0,9.0,0.0,"Bremerton"],["2018-01-30",5.0,10.0,1.0,"Bremerton"],["2018-01-31",3.0,3.0,0.0,"Bremerton"],["2018-02-01",0.0,0.0,0.0,"Bremerton"],["2018-02-02",1.0,6.0,15.0,"Bremerton"],["2018-02-03",0.0,0.0,18.0,"Bremerton"],["2018-02-04",0.0,0.0,5.0,"Bremerton"],["2018-02-05",6.0,13.0,0.0,"Bremerton"],["2018-02-06",6.0,0.0,0.0,"Bremerton"],["2018-02-07",4.0,13.0,0.0,"Bremerton"],["2018-02-08",0.0,0.0,0.0,"Bremerton"],["2018-02-09",0.0,4.0,5.0,"Bremerton"],["2018-02-10",0.0,16.0,0.0,"Bremerton"],["2018-02-11",0.0,0.0,0.0,"Bremerton"],["2018-02-12",16.0,0.0,0.0,"Bremerton"],["2018-02-13",19.0,0.0,0.0,"Bremerton"],["2018-02-14",0.0,0.0,0.0,"Bremerton"],["2018-02-15",0.0,0.0,0.0,"Bremerton"],["2018-02-16",0.0,10.0,0.0,"Bremerton"],["2018-02-17",0.0,20.0,3.0,"Bremerton"],["2018-02-18",0.0,0.0,11.0,"Bremerton"],["2018-02-19",0.0,0.0,0.0,"Bremerton"],["2018-02-20",7.0,9.0,20.0,"Bremerton"],["2018-02-21",0.0,18.0,0.0,"Bremerton"],["2018-02-22",16.0,15.0,0.0,"Bremerton"],["2018-02-23",0.0,9.0,0.0,"Bremerton"],["2018-02-24",0.0,0.0,0.0,"Bremerton"],["2018-02-25",0.0,20.0,18.0,"Bremerton"],["2018-02-26",16.0,0.0,0.0,"Bremerton"],["2018-02-27",18.0,20.0,0.0,"Bremerton"],["2018-02-28",5.0,0.0,4.0,"Bremerton"],["2018-03-01",10.0,0.0,13.0,"Bremerton"],["2018-03-02",0.0,0.0,4.0,"Bremerton"],["2018-03-03",2.0,3.0,0.0,"Bremerton"],["2018-03-04",9.0,0.0,16.0,"Bremerton"],["2018-03-05",4.0,0.0,18.0,"Bremerton"],["2018-03-06",0.0,0.0,0.0,"Bremerton"],["2018-03-07",9.0,18.0,14.0,"Bremerton"],["2018-03-08",0.0,17.0,1.0,"Bremerton"],["2018-03-09",11.0,0.0,0.0,"Bremerton"],["2018-03-10",0.0,0.0,0.0,"Bremerton"],["2018-03-11",0.0,0.0,10.0,"Bremerton"],["2018-03-12",0.0,1.0,6.0,"Bremerton"],["2018-03-13",16.0,20.0,0.0,"Bremerton"],["2018-03-14",10.0,14.0,0.0,"Bremerton"],["2018-03-15",0.0,2.0,3.0,"Bremerton"],["2018-03-16",0.0,0.0,12.0,"Bremerton"],["2018-03-17",0.0,0.0,8.0,"Bremerton"],["2018-03-18",9.0,8.0,4.0,"Bremerton"],["2018-03-19",0.0,6.0,12.0,"Bremerton"],["2018-03-20",3.0,0.0,6.0,"Bremerton"],["2018-03-21",0.0,0.0,10.0,"Bremerton"],["2018-03-22",7.0,0.0,17.0,"Bremerton"],["2018-03-23",0.0,6.0,0.0,"Bremerton"],["2018-03-24",8.0,3.0,0.0,"Bremerton"],["2018-03-25",3.0,0.0,2.0,"Bremerton"],["2018-03-26",8.0,0.0,11.0,"Bremerton"],["2018-03-27",3.0,4.0,0.0,"Bremerton"],["2018-03-28",8.0,16.0,9.0,"Bremerton"],["2018-03-29",0.0,0.0,0.0,"Bremerton"],["2018-03-30",0.0,0.0,0.0,"Bremerton"],["2018-03-31",0.0,5.0,13.0,"Bremerton"],["2018-04-01",17.0,0.0,1.0,"Bremerton"],["2018-04-02",8.0,0.0,4.0,"Bremerton"],["2018-04-03",0.0,10.0,3.0,"Bremerton"],["2018-04-04",0.0,0.0,10.0,"Bremerton"],["2018-04-05",3.0,14.0,8.0,"Bremerton"],["2018-04-06",0.0,12.0,0.0,"Bremerton"],["2018-04-07",1.0,2.0,14.0,"Bremerton"],["2018-04-08",0.0,0.0,0.0,"Bremerton"],["2018-04-09",4.0,5.0,0.0,"Bremerton"],["2018-04-10",18.0,16.0,20.0,"Bremerton"],["2018-04-11",0.0,15.0,0.0,"Bremerton"],["2018-04-12",0.0,6.0,0.0,"Bremerton"],["2018-04-13",0.0,0.0,8.0,"Bremerton"],["2018-04-14",2.0,6.0,0.0,"Bremerton"],["2018-04-15",7.0,2.0,4.0,"Bremerton"],["2018-04-16",0.0,12.0,0.0,"Bremerton"],["2018-04-17",0.0,18.0,0.0,"Bremerton"],["2018-04-18",0.0,1.0,20.0,"Bremerton"],["2018-04-19",0.0,0.0,4.0,"Bremerton"],["2018-04-20",19.0,0.0,0.0,"Bremerton"],["2018-04-21",20.0,0.0,0.0,"Bremerton"],["2018-04-22",9.0,13.0,0.0,"Bremerton"],["2018-04-23",0.0,0.0,0.0,"Bremerton"],["2018-04-24",0.0,0.0,0.0,"Bremerton"],["2018-04-25",0.0,0.0,17.0,"Bremerton"],["2018-04-26",0.0,18.0,3.0,"Bremerton"],["2018-04-27",0.0,0.0,0.0,"Bremerton"],["2018-04-28",0.0,0.0,8.0,"Bremerton"],["2018-04-29",9.0,0.0,0.0,"Bremerton"],["2018-04-30",15.0,14.0,8.0,"Bremerton"],["2018-05-01",0.0,16.0,10.0,"Bremerton"],["2018-05-02",9.0,0.0,0.0,"Bremerton"],["2018-05-03",0.0,9.0,10.0,"Bremerton"],["2018-05-04",0.0,18.0,18.0,"Bremerton"],["2018-05-05",0.0,0.0,1.0,"Bremerton"],["2018-05-06",15.0,10.0,0.0,"Bremerton"],["2018-05-07",0.0,0.0,0.0,"Bremerton"],["2018-05-08",11.0,11.0,0.0,"Bremerton"],["2018-05-09",0.0,3.0,15.0,"Bremerton"],["2018-05-10",4.0,0.0,0.0,"Bremerton"],["2018-05-11",15.0,0.0,0.0,"Bremerton"],["2018-05-12",2.0,0.0,0.0,"Bremerton"],["2018-05-13",0.0,7.0,0.0,"Bremerton"],["2018-05-14",8.0,7.0,8.0,"Bremerton"],["2018-05-15",13.0,16.0,0.0,"Bremerton"],["2018-05-16",4.0,0.0,15.0,"Bremerton"],["2018-05-17",0.0,1.0,9.0,"Bremerton"],["2018-05-18",0.0,4.0,0.0,"Bremerton"],["2018-05-19",1.0,0.0,19.0,"Bremerton"],["2018-05-20",19.0,3.0,0.0,"Bremerton"],["2018-05-21",0.0,0.0,4.0,"Bremerton"],["2018-05-22",0.0,11.0,15.0,"Bremerton"],["2018-05-23",0.0,12.0,19.0,"Bremerton"],["2018-05-24",0.0,0.0,20.0,"Bremerton"],["2018-05-25",13.0,0.0,19.0,"Bremerton"],["2018-05-26",11.0,10.0,9.0,"Bremerton"],["2018-05-27",0.0,0.0,5.0,"Bremerton"],["2018-05-28",9.0,0.0,13.0,"Bremerton"],["2018-05-29",0.0,13.0,17.0,"Bremerton"],["2018-05-30",15.0,16.0,19.0,"Bremerton"],["2018-05-31",0.0,0.0,6.0,"Bremerton"],["2018-06-01",9.0,0.0,0.0,"Bremerton"],["2018-06-02",0.0,0.0,0.0,"Bremerton"],["2018-06-03",0.0,7.0,10.0,"Bremerton"],["2018-06-04",17.0,6.0,0.0,"Bremerton"],["2018-06-05",0.0,0.0,3.0,"Bremerton"],["2018-06-06",14.0,8.0,0.0,"Bremerton"],["2018-06-07",0.0,4.0,0.0,"Bremerton"],["2018-06-08",0.0,5.0,7.0,"Bremerton"],["2018-06-09",0.0,13.0,0.0,"Bremerton"],["2018-06-10",6.0,0.0,17.0,"Bremerton"],["2018-06-11",0.0,0.0,18.0,"Bremerton"],["2018-06-12",0.0,0.0,0.0,"Bremerton"],["2018-06-13",0.0,0.0,0.0,"Bremerton"],["2018-06-14",16.0,0.0,11.0,"Bremerton"],["2018-06-15",16.0,0.0,0.0,"Bremerton"],["2018-06-16",0.0,13.0,8.0,"Bremerton"],["2018-06-17",7.0,0.0,0.0,"Bremerton"],["2018-06-18",0.0,2.0,0.0,"Bremerton"],["2018-06-19",0.0,1.0,0.0,"Bremerton"],["2018-06-20",0.0,17.0,3.0,"Bremerton"],["2018-06-21",0.0,11.0,11.0,"Bremerton"],["2018-06-22",19.0,0.0,0.0,"Bremerton"],["2018-06-23",19.0,0.0,0.0,"Bremerton"],["2018-06-24",0.0,0.0,6.0,"Bremerton"],["2018-06-25",0.0,0.0,2.0,"Bremerton"],["2018-06-26",12.0,0.0,15.0,"Bremerton"],["2018-06-27",14.0,19.0,4.0,"Bremerton"],["2018-06-28",5.0,0.0,0.0,"Bremerton"],["2018-06-29",5.0,0.0,0.0,"Bremerton"],["2018-06-30",0.0,20.0,0.0,"Bremerton"],["2018-07-01",1.0,13.0,0.0,"Bremerton"],["2018-07-02",1.0,16.0,3.0,"Bremerton"],["2018-07-03",10.0,12.0,18.0,"Bremerton"],["2018-07-04",8.0,14.0,0.0,"Bremerton"],["2018-07-05",0.0,6.0,0.0,"Bremerton"],["2018-07-06",18.0,0.0,0.0,"Bremerton"],["2018-07-07",0.0,0.0,7.0,"Bremerton"],["2018-07-08",0.0,0.0,17.0,"Bremerton"],["2018-07-09",11.0,0.0,0.0,"Bremerton"],["2018-07-10",0.0,7.0,16.0,"Bremerton"],["2018-07-11",0.0,0.0,3.0,"Bremerton"],["2018-07-12",0.0,18.0,11.0,"Bremerton"],["2018-07-13",0.0,0.0,8.0,"Bremerton"],["2018-07-14",0.0,0.0,0.0,"Bremerton"],["2018-07-15",0.0,0.0,0.0,"Bremerton"],["2018-07-16",0.0,6.0,9.0,"Bremerton"],["2018-07-17",15.0,11.0,12.0,"Bremerton"],["2018-07-18",0.0,0.0,0.0,"Bremerton"],["2018-07-19",0.0,0.0,7.0,"Bremerton"],["2018-07-20",0.0,0.0,0.0,"Bremerton"],["2018-07-21",0.0,0.0,3.0,"Bremerton"],["2018-07-22",0.0,6.0,0.0,"Bremerton"],["2018-07-23",2.0,17.0,11.0,"Bremerton"],["2018-07-24",19.0,0.0,0.0,"Bremerton"],["2018-07-25",10.0,16.0,10.0,"Bremerton"],["2018-07-26",19.0,12.0,3.0,"Bremerton"],["2018-07-27",4.0,6.0,17.0,"Bremerton"],["2018-07-28",0.0,7.0,2.0,"Bremerton"],["2018-07-29",0.0,0.0,0.0,"Bremerton"],["2018-07-30",0.0,10.0,15.0,"Bremerton"],["2018-07-31",0.0,18.0,0.0,"Bremerton"],["2018-08-01",18.0,9.0,15.0,"Bremerton"],["2018-08-02",19.0,8.0,0.0,"Bremerton"],["2018-08-03",0.0,10.0,0.0,"Bremerton"],["2018-08-04",11.0,5.0,0.0,"Bremerton"],["2018-08-05",0.0,0.0,16.0,"Bremerton"],["2018-08-06",0.0,1.0,20.0,"Bremerton"],["2018-08-07",10.0,4.0,0.0,"Bremerton"],["2018-08-08",12.0,0.0,2.0,"Bremerton"],["2018-08-09",0.0,0.0,0.0,"Bremerton"],["2018-08-10",20.0,0.0,0.0,"Bremerton"],["2018-08-11",0.0,0.0,5.0,"Bremerton"],["2018-08-12",0.0,0.0,5.0,"Bremerton"],["2018-08-13",0.0,0.0,14.0,"Bremerton"],["2018-08-14",0.0,4.0,5.0,"Bremerton"],["2018-08-15",16.0,0.0,0.0,"Bremerton"],["2018-08-16",3.0,0.0,0.0,"Bremerton"],["2018-08-17",0.0,14.0,6.0,"Bremerton"],["2018-08-18",0.0,0.0,5.0,"Bremerton"],["2018-08-19",0.0,12.0,0.0,"Bremerton"],["2018-08-20",0.0,0.0,0.0,"Bremerton"],["2018-08-21",0.0,9.0,20.0,"Bremerton"],["2018-08-22",10.0,0.0,0.0,"Bremerton"],["2018-08-23",16.0,0.0,20.0,"Bremerton"],["2018-08-24",0.0,11.0,0.0,"Bremerton"],["2018-08-25",0.0,1.0,0.0,"Bremerton"],["2018-08-26",10.0,13.0,0.0,"Bremerton"],["2018-08-27",4.0,0.0,6.0,"Bremerton"],["2018-08-28",0.0,0.0,0.0,"Bremerton"],["2018-08-29",1.0,0.0,20.0,"Bremerton"],["2018-08-30",0.0,0.0,12.0,"Bremerton"],["2018-08-31",2.0,0.0,2.0,"Bremerton"],["2018-09-01",0.0,0.0,5.0,"Bremerton"],["2018-09-02",0.0,9.0,18.0,"Bremerton"],["2018-09-03",0.0,0.0,0.0,"Bremerton"],["2018-09-04",4.0,17.0,0.0,"Bremerton"],["2018-09-05",0.0,11.0,0.0,"Bremerton"],["2018-09-06",5.0,10.0,0.0,"Bremerton"],["2018-09-07",0.0,0.0,9.0,"Bremerton"],["2018-09-08",16.0,7.0,0.0,"Bremerton"],["2018-09-09",20.0,14.0,0.0,"Bremerton"],["2018-09-10",5.0,18.0,0.0,"Bremerton"],["2018-09-11",0.0,7.0,12.0,"Bremerton"],["2018-09-12",0.0,3.0,0.0,"Bremerton"],["2018-09-13",16.0,8.0,10.0,"Bremerton"],["2018-09-14",0.0,0.0,14.0,"Bremerton"],["2018-09-15",16.0,1.0,17.0,"Bremerton"],["2018-09-16",0.0,0.0,0.0,"Bremerton"],["2018-09-17",5.0,14.0,1.0,"Bremerton"],["2018-09-18",12.0,15.0,5.0,"Bremerton"],["2018-09-19",14.0,7.0,15.0,"Bremerton"],["2018-09-20",0.0,0.0,3.0,"Bremerton"],["2018-09-21",18.0,0.0,2.0,"Bremerton"],["2018-09-22",1.0,0.0,0.0,"Bremerton"],["2018-09-23",7.0,0.0,3.0,"Bremerton"],["2018-09-24",15.0,0.0,16.0,"Bremerton"],["2018-09-25",6.0,0.0,11.0,"Bremerton"],["2018-09-26",0.0,0.0,0.0,"Bremerton"],["2018-09-27",5.0,3.0,0.0,"Bremerton"],["2018-09-28",0.0,17.0,2.0,"Bremerton"],["2018-09-29",6.0,0.0,0.0,"Bremerton"],["2018-09-30",18.0,0.0,12.0,"Bremerton"],["2018-10-01",1.0,14.0,0.0,"Bremerton"],["2018-10-02",0.0,0.0,9.0,"Bremerton"],["2018-10-03",11.0,0.0,0.0,"Bremerton"],["2018-10-04",0.0,13.0,20.0,"Bremerton"],["2018-10-05",0.0,14.0,16.0,"Bremerton"],["2018-10-06",0.0,0.0,20.0,"Bremerton"],["2018-10-07",0.0,17.0,6.0,"Bremerton"],["2018-10-08",5.0,15.0,1.0,"Bremerton"],["2018-10-09",18.0,4.0,19.0,"Bremerton"],["2018-10-10",3.0,16.0,3.0,"Bremerton"],["2018-10-11",18.0,9.0,19.0,"Bremerton"],["2018-10-12",0.0,1.0,0.0,"Bremerton"],["2018-10-13",0.0,10.0,0.0,"Bremerton"],["2018-10-14",0.0,0.0,10.0,"Bremerton"],["2018-10-15",0.0,10.0,6.0,"Bremerton"],["2018-10-16",20.0,0.0,0.0,"Bremerton"],["2018-10-17",16.0,20.0,0.0,"Bremerton"],["2018-10-18",0.0,11.0,0.0,"Bremerton"],["2018-10-19",0.0,0.0,1.0,"Bremerton"],["2018-10-20",8.0,0.0,0.0,"Bremerton"],["2018-10-21",0.0,19.0,0.0,"Bremerton"],["2018-10-22",12.0,14.0,11.0,"Bremerton"],["2018-10-23",0.0,14.0,0.0,"Bremerton"],["2018-10-24",0.0,0.0,2.0,"Bremerton"],["2018-10-25",18.0,8.0,7.0,"Bremerton"],["2018-10-26",10.0,0.0,12.0,"Bremerton"],["2018-10-27",0.0,0.0,18.0,"Bremerton"],["2018-10-28",0.0,0.0,0.0,"Bremerton"],["2018-10-29",9.0,4.0,0.0,"Bremerton"],["2018-10-30",3.0,4.0,0.0,"Bremerton"],["2018-10-31",7.0,8.0,2.0,"Bremerton"],["2018-11-01",15.0,0.0,0.0,"Bremerton"],["2018-11-02",2.0,0.0,12.0,"Bremerton"],["2018-11-03",4.0,0.0,11.0,"Bremerton"],["2018-11-04",20.0,12.0,19.0,"Bremerton"],["2018-11-05",0.0,0.0,10.0,"Bremerton"],["2018-11-06",18.0,20.0,0.0,"Bremerton"],["2018-11-07",20.0,16.0,0.0,"Bremerton"],["2018-11-08",0.0,0.0,12.0,"Bremerton"],["2018-11-09",5.0,9.0,15.0,"Bremerton"],["2018-11-10",18.0,0.0,0.0,"Bremerton"],["2018-11-11",0.0,2.0,20.0,"Bremerton"],["2018-11-12",0.0,13.0,0.0,"Bremerton"],["2018-11-13",0.0,3.0,0.0,"Bremerton"],["2018-11-14",11.0,11.0,0.0,"Bremerton"],["2018-11-15",6.0,0.0,2.0,"Bremerton"],["2018-11-16",16.0,0.0,0.0,"Bremerton"],["2018-11-17",3.0,0.0,0.0,"Bremerton"],["2018-11-18",0.0,19.0,0.0,"Bremerton"],["2018-11-19",4.0,4.0,8.0,"Bremerton"],["2018-11-20",0.0,2.0,11.0,"Bremerton"],["2018-11-21",0.0,0.0,0.0,"Bremerton"],["2018-11-23",0.0,8.0,10.0,"Bremerton"],["2018-11-24",0.0,0.0,1.0,"Bremerton"],["2018-11-25",0.0,6.0,16.0,"Bremerton"],["2018-11-26",2.0,0.0,0.0,"Bremerton"],["2018-11-27",19.0,5.0,18.0,"Bremerton"],["2018-11-28",18.0,13.0,0.0,"Bremerton"],["2018-11-29",12.0,0.0,0.0,"Bremerton"],["2018-11-30",0.0,17.0,18.0,"Bremerton"],["2018-12-01",12.0,20.0,14.0,"Bremerton"],["2018-12-02",6.0,12.0,14.0,"Bremerton"],["2018-12-03",0.0,0.0,19.0,"Bremerton"],["2018-12-04",0.0,0.0,6.0,"Bremerton"],["2018-12-05",0.0,19.0,0.0,"Bremerton"],["2018-12-06",0.0,10.0,0.0,"Bremerton"],["2018-12-07",0.0,11.0,3.0,"Bremerton"],["2018-12-08",3.0,7.0,0.0,"Bremerton"],["2018-12-09",0.0,0.0,6.0,"Bremerton"],["2018-12-10",7.0,0.0,0.0,"Bremerton"],["2018-12-11",15.0,4.0,0.0,"Bremerton"],["2018-12-12",0.0,19.0,0.0,"Bremerton"],["2018-12-13",0.0,0.0,0.0,"Bremerton"],["2018-12-14",0.0,14.0,0.0,"Bremerton"],["2018-12-15",13.0,1.0,0.0,"Bremerton"],["2018-12-16",14.0,19.0,0.0,"Bremerton"],["2018-12-17",0.0,0.0,7.0,"Bremerton"],["2018-12-18",0.0,12.0,1.0,"Bremerton"],["2018-12-19",0.0,17.0,6.0,"Bremerton"],["2018-12-20",0.0,0.0,4.0,"Bremerton"],["2018-12-21",0.0,0.0,0.0,"Bremerton"],["2018-12-22",19.0,0.0,0.0,"Bremerton"],["2018-12-23",0.0,0.0,0.0,"Bremerton"],["2018-12-24",7.0,15.0,3.0,"Bremerton"],["2018-12-25",18.0,0.0,12.0,"Bremerton"],["2018-12-26",0.0,12.0,13.0,"Bremerton"],["2018-12-27",0.0,0.0,5.0,"Bremerton"],["2018-12-28",2.0,0.0,6.0,"Bremerton"],["2018-12-29",1.0,10.0,3.0,"Bremerton"],["2018-12-30",20.0,0.0,11.0,"Bremerton"],["2018-12-31",5.0,0.0,15.0,"Bremerton"],["2019-01-01",0.0,3.0,0.0,"Bremerton"],["2019-01-02",0.0,8.0,16.0,"Bremerton"],["2019-01-03",0.0,0.0,0.0,"Bremerton"],["2019-01-04",12.0,0.0,0.0,"Bremerton"],["2019-01-05",0.0,0.0,5.0,"Bremerton"],["2019-01-06",0.0,7.0,0.0,"Bremerton"],["2019-01-07",11.0,0.0,2.0,"Bremerton"],["2019-01-08",17.0,0.0,0.0,"Bremerton"],["2019-01-09",6.0,0.0,14.0,"Bremerton"],["2019-01-10",0.0,9.0,15.0,"Bremerton"],["2019-01-11",15.0,5.0,3.0,"Bremerton"],["2019-01-12",0.0,0.0,17.0,"Bremerton"],["2019-01-13",0.0,16.0,8.0,"Bremerton"],["2019-01-14",9.0,17.0,0.0,"Bremerton"],["2019-01-15",4.0,0.0,0.0,"Bremerton"],["2019-01-16",0.0,0.0,0.0,"Bremerton"]],"headers":["Date","Total_Closed","Total_Created","Total_Open","Site"],"rawHeaders":["Date","Total_Closed","Total_Created","Total_Open","Site"]},"headerInfo":[{"alias":"Date","header":"Date","type":"STRING","derived":false},{"alias":"Total_Closed","header":"Total_Closed","calculatedBy":"Total_Closed","groupBy":["Date","Site"],"math":"Sum","type":"STRING","derived":true},{"alias":"Total_Created","header":"Total_Created","calculatedBy":"Total_Created","groupBy":["Date","Site"],"math":"Sum","type":"STRING","derived":true},{"alias":"Total_Open","header":"Total_Open","calculatedBy":"Total_Open","groupBy":["Date","Site"],"math":"Sum","type":"NUMBER","derived":true},{"alias":"Site","header":"Site","type":"NUMBER","derived":false}],"sortInfo":[],"numRows":380,"numCollected":500,"taskOptions":{"0":{"layout":"Line","groupByInfo":{"uniqueInstances":["Bremerton","Fairchild","Madigan","Oak_Harbor"],"viewType":"Individual Instance","selectedDim":"Site","instanceIndex":"0"},"alignment":{"tooltip":[],"label":["Date"],"value":["Total_Closed","Total_Created","Total_Open"],"facet":["Site"]}}},"format":{"type":"TABLE"},"filterInfo":[{"filterObj":{"comparator":"==","left":{"type":"COLUMN","value":"Site"},"right":{"type":"CONST_STRING","value":"Bremerton"},"filterType":"SIMPLE"},"filterStr":"Site == Bremerton"}],"taskId":"task1"},"operationType":["TASK_DATA"]}]}